grid_id,metro_count,bus_count,total_count,metro_stations,bus_stations
1,0,0,0,,
2,0,0,0,,
3,0,0,0,,
4,0,0,0,,
5,0,0,0,,
6,0,0,0,,
7,0,0,0,,
8,0,0,0,,
9,0,0,0,,
10,0,0,0,,
11,0,0,0,,
12,0,0,0,,
13,0,0,0,,
14,0,0,0,,
15,0,0,0,,
16,0,0,0,,
17,0,0,0,,
18,0,1,1,,公交站_0
19,0,0,0,,
20,0,0,0,,
21,0,0,0,,
22,1,0,1,后卫寨,
23,0,0,0,,
24,0,0,0,,
25,0,0,0,,
26,0,0,0,,
27,0,0,0,,
28,0,0,0,,
29,0,0,0,,
30,0,0,0,,
31,0,0,0,,
32,0,0,0,,
33,0,1,1,,公交站_0
34,0,2,2,,"公交站_0,公交站_1"
35,0,0,0,,
36,0,0,0,,
37,0,0,0,,
38,0,0,0,,
39,0,0,0,,
40,0,0,0,,
41,2,0,2,"阿房宫南,阿房宫南",
42,0,0,0,,
43,0,0,0,,
44,0,0,0,,
45,0,0,0,,
46,0,1,1,,西部车城
47,0,0,0,,
48,0,1,1,,北沙口村南
49,0,0,0,,
50,0,0,0,,
51,0,0,0,,
52,0,0,0,,
53,0,0,0,,
54,0,0,0,,
55,0,0,0,,
56,0,0,0,,
57,0,0,0,,
58,0,0,0,,
59,0,0,0,,
60,0,0,0,,
61,0,0,0,,
62,0,0,0,,
63,0,0,0,,
64,0,0,0,,
65,0,0,0,,
66,0,0,0,,
67,0,0,0,,
68,0,0,0,,
69,0,0,0,,
70,0,0,0,,
71,0,0,0,,
72,0,0,0,,
73,0,0,0,,
74,0,0,0,,
75,0,0,0,,
76,0,0,0,,
77,0,0,0,,
78,0,0,0,,
79,0,0,0,,
80,0,3,3,,"三桥西,万象城,三桥西"
81,0,0,0,,
82,0,0,0,,
83,0,0,0,,
84,0,0,0,,
85,0,0,0,,
86,0,0,0,,
87,0,0,0,,
88,0,0,0,,
89,0,0,0,,
90,0,0,0,,
91,0,0,0,,
92,0,0,0,,
93,0,0,0,,
94,0,0,0,,
95,0,0,0,,
96,0,0,0,,
97,0,0,0,,
98,1,0,1,天谷四路,
99,0,0,0,,
100,0,0,0,,
101,0,0,0,,
102,0,0,0,,
103,0,0,0,,
104,0,0,0,,
105,1,0,1,石桥立交,
106,0,0,0,,
107,0,0,0,,
108,0,0,0,,
109,0,0,0,,
110,0,0,0,,
111,0,0,0,,
112,0,0,0,,
113,1,2,3,三桥,"三桥,三桥地铁站"
114,0,0,0,,
115,0,0,0,,
116,0,0,0,,
117,0,0,0,,
118,0,0,0,,
119,0,0,0,,
120,0,0,0,,
121,0,0,0,,
122,0,0,0,,
123,0,0,0,,
124,0,0,0,,
125,0,0,0,,
126,0,0,0,,
127,0,0,0,,
128,0,0,0,,
129,0,0,0,,
130,0,0,0,,
131,0,0,0,,
132,0,0,0,,
133,0,0,0,,
134,0,0,0,,
135,0,0,0,,
136,0,0,0,,
137,0,0,0,,
138,1,1,2,西晁,西三环科技西路口
139,0,0,0,,
140,0,0,0,,
141,0,0,0,,
142,0,0,0,,
143,0,0,0,,
144,0,1,1,,红光公园
145,0,1,1,,皂河桥
146,0,1,1,,皂河桥
147,0,0,0,,
148,0,0,0,,
149,0,0,0,,
150,0,2,2,,"三桥东,三桥东"
151,0,0,0,,
152,0,0,0,,
153,0,0,0,,
154,0,0,0,,
155,0,0,0,,
156,0,0,0,,
157,0,0,0,,
158,0,0,0,,
159,0,0,0,,
160,0,0,0,,
161,0,0,0,,
162,0,0,0,,
163,0,0,0,,
164,0,0,0,,
165,0,0,0,,
166,0,2,2,,"尚稷路西段公交调度站,尚稷路西段公交调度站"
167,0,0,0,,
168,1,0,1,东滩,
169,0,0,0,,
170,0,0,0,,
171,0,0,0,,
172,0,0,0,,
173,0,0,0,,
174,0,1,1,,化龙三路科技二路口
175,0,0,0,,
176,1,3,4,鱼化寨,"鱼化桥,鱼化寨地铁站,公交站_2"
177,0,9,9,,"西三环纬一路口,西三环纬一路口,西三环石桥路口,西三环纬一路口,西三环石桥路口,鱼化桥,经十四路纬一路口,鱼化桥,西三环科技西路口"
178,0,2,2,,"大寨路经十四路口,石桥一路石桥路口"
179,0,0,0,,
180,0,0,0,,
181,0,0,0,,
182,0,0,0,,
183,0,2,2,,"南何村,南何村"
184,0,0,0,,
185,0,0,0,,
186,0,0,0,,
187,0,2,2,,"阿房四路中段,阿房四路中段"
188,0,6,6,,"三桥东,三桥立交,三桥东,三桥立交,三桥东,三桥东"
189,0,0,0,,
190,0,0,0,,
191,0,0,0,,
192,0,0,0,,
193,0,0,0,,
194,0,0,0,,
195,0,0,0,,
196,0,0,0,,
197,0,0,0,,
198,0,0,0,,
199,0,0,0,,
200,0,0,0,,
201,0,0,0,,
202,0,0,0,,
203,0,3,3,,"公交站_0,公交站_1,公交站_2"
204,0,2,2,,"渭水汤苑温泉,公交站_1"
205,0,0,0,,
206,0,0,0,,
207,0,0,0,,
208,0,0,0,,
209,0,0,0,,
210,0,0,0,,
211,0,0,0,,
212,0,0,0,,
213,0,0,0,,
214,0,0,0,,
215,0,4,4,,"化龙二路龙定路口,化龙二路龙定路口,化龙二路福谦路口,公交站_3"
216,0,3,3,,"北石桥,驾校考场,驾校考场"
217,1,5,6,鱼化寨,"鱼化桥,公交站_1,公交站_2,公交站_3,鱼化寨地铁站"
218,0,1,1,,公交站_0
219,0,0,0,,
220,0,0,0,,
221,0,2,2,,"西安热电公司,西安热电公司"
222,0,0,0,,
223,0,3,3,,"阿房一路东段,阿房一路东段,阿房一路东段"
224,0,2,2,,"正义厨具市场,正义厨具市场"
225,0,0,0,,
226,0,0,0,,
227,0,2,2,,"宜家家居,三桥立交东"
228,0,1,1,,三桥立交东
229,0,0,0,,
230,0,0,0,,
231,0,0,0,,
232,0,0,0,,
233,0,0,0,,
234,0,0,0,,
235,0,0,0,,
236,0,0,0,,
237,0,0,0,,
238,0,0,0,,
239,0,0,0,,
240,0,0,0,,
241,0,0,0,,
242,0,0,0,,
243,0,1,1,,公交站_0
244,0,0,0,,
245,0,0,0,,
246,0,0,0,,
247,0,0,0,,
248,0,0,0,,
249,1,0,1,丈八六路,
250,0,0,0,,
251,0,0,0,,
252,0,0,0,,
253,0,0,0,,
254,0,0,0,,
255,0,0,0,,
256,0,0,0,,
257,0,0,0,,
258,0,0,0,,
259,0,3,3,,"阿房路南段,旧机动车交易市场,阿房路南段"
260,0,2,2,,"阿房路大寨路口,阿房路大寨路口"
261,0,0,0,,
262,1,1,2,西窑头,公交站_0
263,0,3,3,,"起重机厂,起重机厂,红光路阿房路口"
264,0,1,1,,红光路阿房路口
265,1,3,4,新西北,"大庆路阿房路口,大庆路阿房路口,大庆路阿房路口"
266,0,3,3,,"光华厂,光华厂,大庆路阿房路口"
267,0,0,0,,
268,0,3,3,,"崇智路南口,杈杨村,杈杨村"
269,1,2,3,皂河,"皂河地铁站,皂河地铁站"
270,0,0,0,,
271,0,0,0,,
272,0,0,0,,
273,0,0,0,,
274,0,0,0,,
275,0,0,0,,
276,0,0,0,,
277,0,0,0,,
278,0,0,0,,
279,0,0,0,,
280,0,0,0,,
281,0,0,0,,
282,0,0,0,,
283,0,0,0,,
284,0,0,0,,
285,0,3,3,,"公交站_0,公交站_1,公交站_2"
286,0,3,3,,"尚稷路草滩十一路口,尚稷路草滩十一路口,公交站_2"
287,0,2,2,,"皂河东路公交调度站,皂河东路公交调度站"
288,0,0,0,,
289,0,0,0,,
290,0,0,0,,
291,0,0,0,,
292,1,0,1,丈八五路,
293,0,0,0,,
294,0,0,0,,
295,0,0,0,,
296,0,0,0,,
297,0,0,0,,
298,0,0,0,,
299,0,0,0,,
300,0,4,4,,"外事学院北校区,公交站_1,外事学院北校区,外事学院北校区"
301,0,0,0,,
302,0,0,0,,
303,0,0,0,,
304,0,2,2,,"西化厂,西化厂"
305,0,0,0,,
306,0,0,0,,
307,0,2,2,,"大庆路西段,大庆路西段"
308,0,0,0,,
309,0,0,0,,
310,0,2,2,,"崇智路南口,崇智路南口"
311,0,0,0,,
312,0,0,0,,
313,0,0,0,,
314,0,0,0,,
315,0,0,0,,
316,0,0,0,,
317,0,0,0,,
318,0,0,0,,
319,0,0,0,,
320,0,0,0,,
321,0,0,0,,
322,0,0,0,,
323,0,0,0,,
324,0,0,0,,
325,0,0,0,,
326,0,0,0,,
327,0,1,1,,公交站_0
328,0,2,2,,"公交站_0,公交站_1"
329,0,4,4,,"智巢创新街区,智巢创新街区,公交站_2,公交站_3"
330,0,4,4,,"公交站_0,公交站_1,公交站_2,公交站_3"
331,1,0,1,付村,
332,0,0,0,,
333,1,0,1,丈八四路,
334,1,0,1,丈八四路,
335,0,3,3,,"608,缤纷南郡（陕西大会堂）,缤纷南郡（陕西大会堂）"
336,0,0,0,,
337,0,0,0,,
338,0,0,0,,
339,0,0,0,,
340,0,0,0,,
341,0,0,0,,
342,0,0,0,,
343,0,0,0,,
344,0,0,0,,
345,0,0,0,,
346,0,0,0,,
347,0,0,0,,
348,0,2,2,,"锅炉厂,锅炉厂"
349,0,1,1,,团结西路公交调度站
350,0,2,2,,"大庆路丰隆路口,大庆路丰隆路口"
351,0,0,0,,
352,0,3,3,,"枣园,枣园,枣园"
353,1,0,1,枣园,
354,0,0,0,,
355,0,0,0,,
356,0,0,0,,
357,0,0,0,,
358,0,0,0,,
359,0,0,0,,
360,0,0,0,,
361,0,0,0,,
362,0,0,0,,
363,0,0,0,,
364,0,0,0,,
365,0,0,0,,
366,0,0,0,,
367,0,0,0,,
368,0,0,0,,
369,0,0,0,,
370,0,0,0,,
371,0,2,2,,"尚苑路草滩九路口,尚苑路草滩九路口"
372,0,2,2,,"西安交大城市学院,西安交大城市学院"
373,0,0,0,,
374,0,0,0,,
375,0,0,0,,
376,0,0,0,,
377,0,0,0,,
378,0,1,1,,608
379,0,0,0,,
380,0,1,1,,公交站_0
381,0,4,4,,"茶张村,茶张村,茶张村,丈八北路科技六路口"
382,0,2,2,,"双水磨,丈八北路科技六路口"
383,0,7,7,,"南窑头,512,南窑头,南窑头,南窑头,南窑头,双水磨"
384,0,0,0,,
385,0,5,5,,"丁家桥,丁家桥,丁家桥,丁家桥,丁家桥"
386,0,5,5,,"西辛庄,西辛庄,西辛庄,西辛庄,西辛庄"
387,1,5,6,丈八北路,"丈八北路科技路口,丈八北路科技路口,丈八北路科技路口,丈八北路科技路口,丈八北路科技路口"
388,0,0,0,,
389,0,6,6,,"丈八北路大寨路口,丈八北路大寨路口,丈八北路大寨路口,丈八北路大寨路口,丈八北路大寨路口,丈八北路大寨路口"
390,0,5,5,,"昆明池路,北窑头,北窑头,丈八北路民新路口,丈八北路民新路口"
391,1,3,4,汉城南路,"北窑头,北窑头,北窑头"
392,0,4,4,,"汉城路丰镐路口,汉城路丰镐路口,汉城路丰镐路口,汉城路丰镐路口"
393,0,7,7,,"汉城路团结西路口,汉城路团结西路口,团结西路西段,西钞广场,西钞广场,汉城南路汉城西路口,汉城南路汉城西路口"
394,0,5,5,,"汉城路大庆路口,汉城路大庆路口,汉城路大庆路口,汉城路大庆路口,汉城路大庆路口"
395,0,2,2,,"城西客运站,城西客运站"
396,0,6,6,,"冶金社区,冶金社区,城西客运站,城西客运站,汉都故里,汉都故里"
397,0,0,0,,
398,0,0,0,,
399,0,0,0,,
400,0,0,0,,
401,0,0,0,,
402,0,0,0,,
403,0,0,0,,
404,0,0,0,,
405,0,0,0,,
406,0,0,0,,
407,0,0,0,,
408,0,0,0,,
409,0,0,0,,
410,0,0,0,,
411,0,0,0,,
412,0,0,0,,
413,0,0,0,,
414,0,0,0,,
415,0,0,0,,
416,0,1,1,,尚稷路草滩八路口
417,0,0,0,,
418,0,1,1,,公交站_0
419,0,0,0,,
420,0,0,0,,
421,0,0,0,,
422,0,1,1,,公交站_0
423,0,0,0,,
424,0,0,0,,
425,0,0,0,,
426,0,0,0,,
427,0,1,1,,公交站_0
428,0,2,2,,"107,512,608,34,公交站_1"
429,0,1,1,,"107,512,34"
430,0,5,5,,"107,34,107,34,107,34,公交站_3,公交站_4"
431,0,5,5,,"107, 34,107, 34,高新六路唐兴路口,高新六路唐兴路口,高新六路唐兴路口"
432,0,3,3,,"科技路高新六路口,科技路高新六路口,科技路高新六路口"
433,0,0,0,,
434,0,1,1,,丈八北路大寨路口
435,0,1,1,,公交站_0
436,0,0,0,,
437,0,3,3,,"土门市场,土门市场,汉城路丰镐路口"
438,0,2,2,,"二十四街坊,二十四街坊"
439,0,2,2,,"公交四公司,公交四公司"
440,1,7,8,汉城路,"城西客运站,城西客运站,城西客运站,城西客运站,城西客运站,城西客运站,城西客运站"
441,0,0,0,,
442,0,0,0,,
443,0,0,0,,
444,0,0,0,,
445,0,0,0,,
446,0,0,0,,
447,0,0,0,,
448,0,0,0,,
449,0,0,0,,
450,0,0,0,,
451,0,0,0,,
452,0,0,0,,
453,0,0,0,,
454,0,0,0,,
455,0,0,0,,
456,0,0,0,,
457,0,0,0,,
458,0,0,0,,
459,0,0,0,,
460,0,0,0,,
461,0,1,1,,尚稷路草滩八路口
462,0,0,0,,
463,0,0,0,,
464,0,0,0,,
465,0,0,0,,
466,0,2,2,,"公交站_0,公交站_1"
467,0,2,2,,"高家堡,高家堡"
468,0,0,0,,
469,1,1,2,丈八一路,公交站_0
470,0,0,0,,
471,0,0,0,,
472,0,0,0,,
473,0,0,0,,
474,0,0,0,,
475,0,2,2,,"公交站_0,707"
476,0,3,3,,"公交站_0,公交站_1,公交站_2"
477,0,4,4,,"西安软件园: 260, 262,公交站_1,251,908,29, ...,西安软件园: 218, 253, 260, 262"
478,0,1,1,,"40, ..."
479,0,2,2,,"科技路团结南路口,科技路团结南路口"
480,0,0,0,,
481,0,0,0,,
482,0,2,2,,"公交站_0,公交站_1"
483,0,0,0,,
484,0,7,7,,"丰镐西路创新路口,丰镐西路创新路口,丰镐路团结南路口,丰镐路团结南路口,丰镐路团结南路口,丰镐路团结南路口,丰镐路团结南路口"
485,0,0,0,,
486,0,7,7,,"枣园东路东口,枣园东路东口,公交四公司,丝路群雕,丝路群雕,丝路群雕,丝路群雕"
487,0,0,0,,
488,0,0,0,,
489,0,0,0,,
490,0,0,0,,
491,0,0,0,,
492,0,0,0,,
493,0,0,0,,
494,0,0,0,,
495,0,0,0,,
496,0,0,0,,
497,0,0,0,,
498,0,0,0,,
499,0,0,0,,
500,0,0,0,,
501,0,0,0,,
502,0,0,0,,
503,0,0,0,,
504,0,0,0,,
505,0,0,0,,
506,0,0,0,,
507,0,2,2,,"尚苑路草滩七路口,尚苑路草滩七路口"
508,0,1,1,,尚稷路草滩七路口
509,0,1,1,,尚稷路草滩七路口
510,0,3,3,,"公交站_0,公交站_1,公交站_2"
511,0,1,1,,公交站_0
512,0,0,0,,
513,0,1,1,,公交站_0
514,0,0,0,,
515,0,0,0,,
516,0,0,0,,
517,0,2,2,,"康家湾,康家湾"
518,0,2,2,,"北沈家桥,北沈家桥"
519,0,0,0,,
520,1,2,3,省体育馆,"公交站_0,公交站_1"
521,0,1,1,,公交站_0
522,1,2,3,木塔寺,"公交站_0,公交站_1"
523,1,4,5,木塔寺西,"公交站_0,公交站_1,高新路科技六路口,高新路科技六路口"
524,0,0,0,,
525,1,3,4,科技二路,"公交站_0,公交站_1,公交站_2"
526,0,0,0,,
527,0,5,5,,"公交站_0,公交站_1,251,40, 262, ...,721,..."
528,1,4,5,延平门,"公交站_0,公交站_1,公交站_2,唐延路科技路口"
529,0,2,2,,"西安锦都,特警支队"
530,0,1,1,,新桃园
531,1,5,6,金光门,"公交站_0,西二环昆明路口,新桃园,西二环昆明路口,西二环昆明路口"
532,0,1,1,,土门
533,1,2,3,土门,"土门西,土门西"
534,0,1,1,,西二环团结中路口
535,0,0,0,,
536,0,0,0,,
537,0,0,0,,
538,0,0,0,,
539,0,0,0,,
540,0,0,0,,
541,0,0,0,,
542,0,0,0,,
543,0,0,0,,
544,0,0,0,,
545,0,0,0,,
546,0,0,0,,
547,0,0,0,,
548,0,0,0,,
549,0,0,0,,
550,0,0,0,,
551,0,0,0,,
552,0,0,0,,
553,0,0,0,,
554,0,0,0,,
555,0,0,0,,
556,0,0,0,,
557,0,1,1,,尚苑路草滩六路口
558,0,2,2,,"尚稷路草滩六路口,尚稷路草滩六路口"
559,0,2,2,,"公交站_0,公交站_1"
560,0,0,0,,
561,0,0,0,,
562,0,0,0,,
563,0,0,0,,
564,0,0,0,,
565,0,1,1,,公交站_0
566,0,0,0,,
567,0,1,1,,公交站_0
568,0,3,3,,"太白路丈八东路口（西万路口）,太白路丈八东路口（西万路口）,太白路长善路口"
569,0,6,6,,"太白路丈八东路口（西万路口）,太白路丈八东路口（西万路口）,高新路永阳一巷口,高新路永阳一巷口,公交站_4,公交站_5"
570,0,5,5,,"高新路科技八路口,高新路科技八路口,公交站_2,高新路科技八路口,高新路科技八路口"
571,0,2,2,,"公交站_0,高新路科技六路口"
572,0,4,4,,"枫林绿洲西门,枫林绿洲西门,高新路科技四路口,高新路科技六路口"
573,0,3,3,,"高新一路科技三路口,高新路科技四路口,高新路科技四路口"
574,0,3,3,,"科技二路枫叶苑,科技二路枫叶苑,高新一路科技二路口"
575,0,2,2,,"科技一路,科技一路"
576,0,4,4,,"高科花园,科技路高新四路口,科技路高新四路口,科技路高新四路口"
577,0,2,2,,"公交站_0,科技路高新四路口"
578,0,0,0,,
579,0,3,3,,"新桃园,西桃园,西桃园"
580,0,5,5,,"西二环昆明路口,西二环昆明路口,丰庆路丰登路口,丰庆路丰登路口,丰登南路（军械厂）"
581,0,1,1,,丰庆路丰登路口
582,0,7,7,,"土门,丰镐路丰登路口,丰镐路丰登路口,丰镐路丰登路口,丰镐路丰登路口,土门,土门"
583,0,4,4,,"西二环团结中路口,西电医院,西电医院,西二环团结中路口"
584,1,7,8,开远门,"丰登路北口,西二环大庆路口（开远门）,西二环大庆路口（开远门）,丰登路北口,西二环桃园西路口,西二环桃园西路口,西二环大庆路口（开远门）"
585,0,3,3,,"西二环大庆路口（开远门）,西二环大庆路口（开远门）,西二环大庆路口（开远门）"
586,0,2,2,,"任家口,任家口"
587,1,4,5,白家口,"西二环丰禾路口,西二环丰禾路口,西二环丰禾路口,西二环丰禾路口"
588,0,3,3,,"西二环大兴路口,西二环大兴路口,西二环大兴路口"
589,0,2,2,,"李下壕村,李下壕村"
590,0,0,0,,
591,0,0,0,,
592,0,0,0,,
593,0,0,0,,
594,0,0,0,,
595,0,0,0,,
596,0,0,0,,
597,0,0,0,,
598,0,0,0,,
599,0,0,0,,
600,0,0,0,,
601,0,0,0,,
602,0,0,0,,
603,0,0,0,,
604,0,0,0,,
605,0,0,0,,
606,0,1,1,,尚苑路草滩六路口
607,0,0,0,,
608,0,0,0,,
609,0,1,1,,公交站_0
610,0,0,0,,
611,0,0,0,,
612,0,0,0,,
613,0,0,0,,
614,0,0,0,,
615,0,1,1,,公交站_0
616,0,0,0,,
617,0,0,0,,
618,0,5,5,,"木塔寨,木塔寨,木塔寨,木塔寨,西安建工集团"
619,0,1,1,,公交站_0
620,0,0,0,,
621,0,0,0,,
622,1,5,6,甘家寨,"高新路科技二路口,高新路科技二路口,高新路科技二路口,高新路科技二路口,高新路科技二路口"
623,0,2,2,,"高新一中,高新一中"
624,0,2,2,,"科技路高新二路口,科技路高新二路口"
625,0,0,0,,
626,0,5,5,,"西大新区,南二环桃园路口,西大新区,南二环桃园路口,南二环桃园路口"
627,1,2,3,丰庆公园,"南二环桃园路口,南二环桃园路口"
628,0,4,4,,"桃园路锦园小区,桃园路锦园小区,桃园路锦园小区,桃园路锦园小区"
629,0,1,1,,丰镐路桃园路口
630,0,1,1,,丰镐路丰登路口
631,0,2,2,,"西电医院,桃园路团结东路口"
632,0,5,5,,"大庆路桃园路口,大庆路桃园路口,大庆路桃园路口,丰登路北口,大庆路桃园路口"
633,0,0,0,,
634,0,0,0,,
635,0,8,8,,"杏园路公交调度站,太奥广场,太奥广场,杏园路公交调度站,杏园路公交调度站,杏园路公交调度站,杏园路公交调度站,杏园路公交调度站"
636,0,2,2,,"西二环大兴路口,白家口"
637,0,2,2,,"梨园路和生国际,梨园路和生国际"
638,0,2,2,,"北二环洛门路口,北二环桃园路口"
639,0,0,0,,
640,0,0,0,,
641,0,0,0,,
642,0,0,0,,
643,0,0,0,,
644,0,0,0,,
645,0,0,0,,
646,0,0,0,,
647,0,0,0,,
648,0,0,0,,
649,0,0,0,,
650,0,0,0,,
651,0,0,0,,
652,0,0,0,,
653,0,0,0,,
654,0,1,1,,尚苑路松速物流
655,0,1,1,,尚苑路松速物流
656,0,3,3,,"尚稷路草滩四路口,尚稷路草滩五路口,尚稷路草滩五路口"
657,0,2,2,,"公交站_0,公交站_1"
658,0,1,1,,公交站_0
659,0,0,0,,
660,0,0,0,,
661,0,0,0,,
662,0,0,0,,
663,0,0,0,,
664,1,2,3,山门口,"丈八东路子午大道口,丈八东路子午大道口"
665,0,0,0,,
666,0,1,1,,西安建工集团
667,0,5,5,,"太白路电子二路口,太白路电子二路口,太白路电子二路口,太白路电子二路口,太白路电子二路口"
668,0,1,1,,白沙路南段
669,0,3,3,,"科技二路白沙路口,科技二路白沙路口,白沙路南段"
670,0,1,1,,博文路
671,0,5,5,,"博文路,高新路科技路口,高新一中,高新一中,高新路科技路口"
672,1,4,5,科技路,"高新路光华路口,高新路科技路口,高新路科技路口,高新路科技路口"
673,0,1,1,,高新路光华路口
674,0,2,2,,"南二环高新二路口,南二环高新二路口"
675,0,0,0,,
676,0,1,1,,桃园路锦园小区
677,0,0,0,,
678,0,3,3,,"丰镐路桃园路口,丰镐路桃园路口,丰镐路桃园路口"
679,0,3,3,,"桃园路团结东路口,桃园路团结东路口,桃园路团结东路口"
680,0,5,5,,"大庆路桃园路口,大庆路桃园路口,大庆路新园路口,大庆路桃园路口,大庆路桃园路口"
681,0,2,2,,"桃园路西斜路口,桃园路西斜路口"
682,0,1,1,,丰禾家园
683,0,3,3,,"丰禾家园,丰禾家园,丰禾家园"
684,1,6,7,光化门,"小白杨,小白杨,小白杨,小白杨,小白杨,白家口"
685,0,5,5,,"北二环桃园路口,桃园北路梨园路口,桃园北路梨园路口,桃园北路梨园路口,桃园北路梨园路口"
686,0,2,2,,"北二环桃园路口,北二环桃园路口"
687,0,0,0,,
688,0,0,0,,
689,0,0,0,,
690,0,0,0,,
691,0,0,0,,
692,0,0,0,,
693,0,0,0,,
694,0,0,0,,
695,0,0,0,,
696,0,0,0,,
697,0,0,0,,
698,0,0,0,,
699,0,0,0,,
700,0,0,0,,
701,0,0,0,,
702,0,0,0,,
703,0,2,2,,"公交站_0,尚苑路草滩四路口"
704,0,3,3,,"尚稷路草滩三路口,尚稷路草滩三路口,尚稷路草滩四路口"
705,0,1,1,,公交站_0
706,0,0,0,,
707,0,0,0,,
708,0,0,0,,
709,0,0,0,,
710,0,0,0,,
711,0,0,0,,
712,0,1,1,,公交站_0
713,0,0,0,,
714,0,1,1,,电子西街205所
715,0,0,0,,
716,0,5,5,,"太白路电子一路口,太白路电子一路口,太白路电子一路口,太白路电子一路口,太白路电子二路口"
717,0,1,1,,太白路电子一路口
718,0,0,0,,
719,0,5,5,,"科技路博文路口,科技路博文路口,徐家庄,徐家庄,徐家庄"
720,0,0,0,,
721,0,5,5,,"劳动南路南口,劳动南路南口,劳动南路南口,劳动南路南口,劳动南路南口"
722,1,5,6,西北工业大学,"劳动南路南口,劳动南路南口,劳动南路南口,劳动南路南口,西工大西门"
723,0,3,3,,"西工大西门,大唐西市,大唐西市"
724,1,6,7,大唐西市,"草阳村,草阳村,草阳村,草阳村,草阳村,草阳村"
725,0,3,3,,"Shuttle Service To The Airport,西稍门,西稍门"
726,0,4,4,,"公交分局（团结路东口）,西稍门,西稍门,西稍门"
727,0,3,3,,"公交分局,公交分局,公交分局（团结路东口）"
728,1,4,5,劳动路,"大庆路劳动路口,大庆路劳动路口,大庆路劳动路口,大庆路劳动路口"
729,0,4,4,,"西斜路劳动北路口,西斜路劳动北路口,西斜路东段,西斜路东段"
730,0,2,2,,"火烧壁,火烧壁"
731,0,0,0,,
732,0,1,1,,小白杨
733,0,2,2,,"梨园路御园小区,梨园路御园小区"
734,0,0,0,,
735,0,0,0,,
736,0,0,0,,
737,0,0,0,,
738,0,0,0,,
739,0,0,0,,
740,0,0,0,,
741,0,0,0,,
742,0,0,0,,
743,0,0,0,,
744,0,0,0,,
745,0,0,0,,
746,0,0,0,,
747,0,0,0,,
748,0,0,0,,
749,0,0,0,,
750,0,0,0,,
751,0,1,1,,公交站_0
752,0,1,1,,尚稷路草滩二路口
753,0,0,0,,
754,0,1,1,,公交站_0
755,0,0,0,,
756,0,0,0,,
757,0,0,0,,
758,0,0,0,,
759,0,0,0,,
760,1,1,2,安化门,公交站_0
761,0,0,0,,
762,0,1,1,,北山门
763,0,0,0,,
764,0,0,0,,
765,0,4,4,,"太白路科创路口（沙井村）,太白路科创路口（沙井村）,太白路科创路口（沙井村）,太白路科创路口（沙井村）"
766,1,9,10,太白南路,"太白路科技路口,太白路科技路口,太白路科技路口,公交五公司,太白路科技路口,太白路科技路口,太白路科技路口,太白路科技路口,太白路科技路口"
767,0,1,1,,公交五公司
768,0,2,2,,"电子科技大学,电子科技大学"
769,0,2,2,,"白庙村,白庙村"
770,0,2,2,,"西工大,西工大"
771,0,0,0,,
772,0,2,2,,"南小巷北口,南小巷北口"
773,0,0,0,,
774,0,1,1,,南小巷（西安市第五医院）
775,0,0,0,,
776,0,3,3,,"大庆路劳动路口,大庆路劳动路口,大庆路劳动路口"
777,0,0,0,,
778,0,2,2,,"商储公司,商储公司"
779,1,0,1,景曜门,
780,0,8,8,,"劳动北路永安路口,劳动北路永安路口,大兴东路劳动北路口（大兴医院）,大兴东路劳动北路口（大兴医院）,大兴东路劳动北路口（大兴医院）,大白杨,大白杨,大白杨"
781,0,4,4,,"梨园路劳动北路口,梨园路劳动北路口,梨园路劳动北路口,大白杨南路中段"
782,0,4,4,,"大白杨村,大白杨村,北二环劳动北路口,北二环劳动北路口"
783,0,0,0,,
784,0,0,0,,
785,0,0,0,,
786,0,0,0,,
787,0,0,0,,
788,0,0,0,,
789,0,0,0,,
790,0,0,0,,
791,0,0,0,,
792,0,0,0,,
793,0,0,0,,
794,0,0,0,,
795,0,0,0,,
796,0,0,0,,
797,0,0,0,,
798,0,0,0,,
799,0,1,1,,尚苑路长安大学渭水校区
800,0,2,2,,"尚稷路草滩二路口,尚苑路长安大学渭水校区"
801,0,1,1,,尚稷路草滩一路口
802,0,2,2,,"公交站_0,公交站_1"
803,0,0,0,,
804,0,0,0,,
805,0,0,0,,
806,0,0,0,,
807,0,0,0,,
808,0,1,1,,公交站_0
809,0,0,0,,
810,0,1,1,,北山门
811,0,0,0,,
812,0,0,0,,
813,0,2,2,,"吉祥路永松路口,吉祥路永松路口"
814,0,6,6,,"吉祥路永松路口,吉祥路永松路口,永松路,永松路,五公司家属院,五公司家属院"
815,0,5,5,,"公交五公司,公交五公司,公交五公司,南二环太白立交南,南二环太白立交南"
816,0,2,2,,"南二环太白立交北,南二环太白立交北"
817,0,2,2,,"边家村,边家村"
818,1,2,3,边家村,"边家村,边家村"
819,0,1,1,,西北大学
820,0,2,2,,"丰庆路东口,丰庆路东口"
821,0,0,0,,
822,1,3,4,安定门,"西门外,西门外,南小巷（西安市第五医院）"
823,0,1,1,,西安市第一中学
824,1,5,6,玉祥门,"潘家村,玉祥门,玉祥门,潘家村,玉祥门"
825,0,0,0,,
826,0,4,4,,"人民大厦公寓,人民大厦公寓,丰禾路东口,丰禾路东口"
827,0,0,0,,
828,0,4,4,,"大白杨,大白杨南路中段,红庙坡,红庙坡"
829,0,2,2,,"梨园路永全路口,梨园路永全路口"
830,0,1,1,,汉城湖大风阁
831,0,0,0,,
832,0,0,0,,
833,0,0,0,,
834,0,0,0,,
835,0,0,0,,
836,0,0,0,,
837,0,0,0,,
838,0,0,0,,
839,0,0,0,,
840,0,0,0,,
841,0,0,0,,
842,0,0,0,,
843,0,0,0,,
844,0,0,0,,
845,0,0,0,,
846,0,0,0,,
847,0,0,0,,
848,0,2,2,,"尚苑路草滩一路口,尚苑路草滩一路口"
849,0,2,2,,"尚稷路尚宏路口,尚稷路草滩一路口"
850,0,1,1,,公交站_0
851,0,0,0,,
852,0,2,2,,"欧亚学院,公交站_1"
853,0,1,1,,姜溪花都社区
854,0,0,0,,
855,0,0,0,,
856,1,2,3,东仪路,"公交站_0,905, 526, 30, ..."
857,0,1,1,,东仪路雁南二路口
858,0,1,1,,东仪路雁南二路口
859,0,0,0,,
860,0,2,2,,"二府庄,二府庄"
861,0,0,0,,
862,0,1,1,,永松路崇业路口
863,0,3,3,,"南二环人才市场,南二环人才市场,永松路崇业路口"
864,0,0,0,,
865,0,1,1,,边家村
866,0,1,1,,边家村
867,0,1,1,,西北大学
868,0,5,5,,"水司,西南城角,西南城角,西南城角,水司"
869,0,4,4,,"西门外,西门外,西门外,西门外"
870,0,4,4,,"西门里（市儿童医院）,西门里（市儿童医院）,西门外,西门外"
871,0,2,2,,"西安市第一中学,玉祥门"
872,0,2,2,,"玉祥门,玉祥门"
873,0,4,4,,"星火立交南,星火立交南,星火立交东,星火立交东"
874,0,3,3,,"丰禾路东口,丰禾路东口,丰禾路东口"
875,0,2,2,,"丰禾路东口,红庙坡"
876,0,3,3,,"红庙坡,红庙坡,红庙坡"
877,1,6,7,红庙坡,"朱宏路龙首北路口,朱宏路龙首北路口,朱宏路龙首北路口,朱宏路龙首北路口,朱宏路龙首北路口,朱宏路龙首北路口"
878,0,6,6,,"公交六公司西区,汉城湖大风阁,朱宏路锦宏路口,朱宏路锦宏路口,朱宏路锦宏路口,公交六公司西区"
879,1,3,4,大风阁,"北二环朱宏立交西,公交六公司西区,公交六公司西区"
880,0,4,4,,"北二环朱宏立交西,北二环朱宏路口,范北村,范北村"
881,0,4,4,,"公交集团,北二环朱宏路口,北二环朱宏路口,公交集团"
882,0,2,2,,"凤城二路西口,凤城二路西口"
883,0,4,4,,"汉城湖封禅门,凤城二路西口,凤城二路西口,凤城二路西口"
884,0,3,3,,"凤锦路凤城四路口,凤锦路凤城三路口,凤锦路凤城三路口"
885,0,5,5,,"贾十字,凤城五路西口,贾十字,贾十字,凤锦路凤城四路口"
886,0,3,3,,"凤城六路西口,凤城六路西口,凤城六路西口"
887,0,3,3,,"凤城七路西口,凤城七路西口,凤城六路西口"
888,0,2,2,,"凤城八路西口,凤城八路西口"
889,0,6,6,,"凤城九路西口,凤城九路西口,凤城九路西口,凤城九路西口,青西村,青西村"
890,0,1,1,,凤城十路西口
891,0,2,2,,"朱宏路公交调度站,朱宏路公交调度站"
892,0,0,0,,
893,0,0,0,,
894,0,0,0,,
895,0,0,0,,
896,0,4,4,,"公交站_0,尚苑路尚宏路口,尚苑路尚宏路口,尚苑路尚宏路口"
897,0,3,3,,"公交站_0,尚稷路尚宏路口,公交站_2"
898,0,1,1,,公交站_0
899,0,0,0,,
900,0,0,0,,
901,0,0,0,,
902,0,2,2,,"城南客运站,城南客运站"
903,0,1,1,,城南公交枢纽站
904,0,0,0,,
905,0,0,0,,
906,0,2,2,,"公交站_0,713, 44, ..."
907,0,1,1,,含光路雁南二路口
908,0,0,0,,
909,0,2,2,,"二府庄,二府庄"
910,0,0,0,,
911,1,4,5,吉祥村,"吉祥村,吉祥村,吉祥村,吉祥村"
912,0,4,4,,"吉祥村,含光路崇业路口,含光路崇业路口,含光路崇业路口"
913,0,5,5,,"南二环含光路口,南二环含光路口,南二环含光路口,南二环含光路口,南二环含光路口"
914,0,2,2,,"何家村,何家村"
915,1,4,5,省人民医院·黄雁村,"黄雁村,黄雁村,黄雁村,黄雁村"
916,0,5,5,,"黄雁村,张家村,张家村,黄雁村,黄雁村"
917,0,4,4,,"含光门,含光门,邮电北巷,邮电北巷"
918,0,4,4,,"含光门,含光门,含光门,含光门"
919,0,7,7,,"桥梓口,甜水井,甜水井,甜水井,甜水井,西梆子市街,西梆子市街"
920,1,0,1,桥梓口,
921,0,0,0,,
922,0,5,5,,"洒金桥,洒金桥,莲湖路西北一路口,莲湖路西北一路口,洒金桥"
923,0,6,6,,"习武园社区,习武园社区,广仁寺,广仁寺,小北门,小北门"
924,0,4,4,,"交通职业技术学院,交通职业技术学院,纸坊村,纸坊村"
925,0,0,0,,
926,0,3,3,,"红庙坡路永兴路口,红庙坡路永兴路口,永新路南口"
927,0,3,3,,"龙首北路永新路口（马泘沱）,龙首北路永新路口（马泘沱）,龙首北路永新路口（马泘沱）"
928,0,3,3,,"锦宏路中段,锦宏路中段,明光路锦宏路口"
929,0,2,2,,"北二环明光立交南,锦荣路锦春巷口"
930,0,0,0,,
931,0,1,1,,北二环朱宏路口
932,0,3,3,,"明光路凤城二路口,明光路凤城一路口,明光路凤城一路口"
933,1,4,5,霸城门,"明光路凤城三路口,海红小区,海红小区,明光路凤城二路口"
934,0,1,1,,明光路凤城三路口
935,0,2,2,,"明光路凤城五路口,明光路凤城四路口"
936,0,4,4,,"凤锦路凤城六路口,凤锦路凤城六路口,凤锦路凤城五路口,凤锦路凤城五路口"
937,0,4,4,,"凤城七路民经一路口,凤城七路民经一路口,凤城七路民经一路口,凤城七路民经一路口"
938,0,5,5,,"公交站_0,民经一路凤城八路口,凤城八路民经一路口,凤城八路民经一路口,明光路凤城八路口"
939,0,2,2,,"民经一路凤城九路口,民经一路凤城九路口"
940,0,2,2,,"民经一路凤城十路口,民经一路凤城十路口"
941,0,0,0,,
942,0,0,0,,
943,0,0,0,,
944,0,0,0,,
945,0,0,0,,
946,0,0,0,,
947,0,0,0,,
948,0,1,1,,公交站_0
949,1,2,3,渭河南,"公交站_0,公交站_1"
950,0,0,0,,
951,0,0,0,,
952,0,0,0,,
953,0,2,2,,"城南客运站,城南客运站"
954,0,0,0,,
955,0,0,0,,
956,0,2,2,,"905, 526, ...,公交站_1"
957,0,3,3,,"公交站_0,杨家村,明德门遗址公园"
958,0,0,0,,
959,0,0,0,,
960,0,0,0,,
961,0,4,4,,"朱雀大街小寨路口,朱雀大街小寨路口,朱雀大街小寨路口,朱雀大街小寨路口"
962,0,2,2,,"朱雀大街小寨路口,朱雀大街小寨路口"
963,0,5,5,,"省体育场西门,省政务大厅,省政务大厅,省政务大厅,省政务大厅"
964,0,3,3,,"夏家庄,夏家庄,省体育场西门"
965,0,4,4,,"小雁塔,小雁塔,小雁塔,小雁塔"
966,0,4,4,,"西后地,小雁塔,小雁塔,西后地"
967,0,3,3,,"朱雀门,朱雀门,红缨路"
968,0,3,3,,"朱雀门,五味什字,朱雀门"
969,0,4,4,,"广济街（市信访接待中心）,五味什字,五味什字,桥梓口"
970,0,2,2,,"桥梓口,广济街（市信访接待中心）"
971,0,0,0,,
972,1,6,7,洒金桥,"洒金桥,洒金桥,许士庙街北口,许士庙街北口,习武园,洒金桥"
973,0,5,5,,"习武园,习武园,小北门,小北门,习武园"
974,0,5,5,,"自强小区,自强小区,纸坊村,纸坊村,纸坊村"
975,0,3,3,,"红庙坡路工农路口,工农路兴中路口,工农路兴中路口"
976,0,2,2,,"红庙坡路工农路口,永新路南口"
977,0,4,4,,"龙首北路永新路口（马泘沱）,龙首北路永新路口（马泘沱）,龙首北路永福路口,龙首北路永福路口"
978,0,4,4,,"明光路锦宏路口,明光路锦宏路口,明光路方新路口,明光路方新路口"
979,0,5,5,,"公交站_0,公交站_1,公交站_2,明光路锦荣路口,北二环明光立交南"
980,0,4,4,,"公交站_0,玄武西路汇文南路口,汇文路汇文南路口,公交站_3"
981,0,4,4,,"北二环明光路口,北二环明光路口,北二环文景立交,北二环文景立交"
982,0,1,1,,明光路凤城二路口
983,0,1,1,,明光路凤城二路口
984,0,3,3,,"明光路凤城四路口,明光路凤城三路口,明光路凤城三路口"
985,0,6,6,,"明光路凤城五路口,明光路凤城五路口,明光路凤城五路口,明光路凤城四路口,明光路凤城四路口,明光路凤城四路口"
986,0,2,2,,"明光路凤城六路口,明光路凤城六路口"
987,0,5,5,,"明光路凤城七路口,明光路凤城七路口,明光路凤城七路口,明光路凤城七路口,明光路凤城八路口"
988,0,2,2,,"明光路凤城八路口,明光路凤城八路口"
989,1,5,6,凤城九路,"明光路凤城九路口,明光路凤城九路口,明光路凤城九路口,明光路凤城九路口,明光路凤城九路口"
990,0,4,4,,"文景西区东门,文景西区东门,文景西区东门,文景西区东门"
991,0,3,3,,"西安出口加工区,西安出口加工区,西安出口加工区"
992,1,2,3,凤城十二路,"经开区政务服务中心,经开区政务服务中心"
993,0,2,2,,"明光路元朔路口,明光路元朔路口"
994,1,3,4,元鼎路,"明光路元朔路口,明光路元朔路口,明光路元朔路口"
995,0,0,0,,
996,0,4,4,,"明光路秦汉大道口,明光路秦汉大道口,明光路秦汉大道口,明光路秦汉大道口"
997,0,0,0,,
998,0,1,1,,公交站_0
999,0,0,0,,
1000,0,0,0,,
1001,1,0,1,三爻,
1002,0,0,0,,
1003,0,0,0,,
1004,0,1,1,,电视塔
1005,1,2,3,电视塔,"八院,国展中心"
1006,0,2,2,,"吴家坟,公交站_1"
1007,0,3,3,,"政法大学,公交站_1,公交站_2"
1008,1,1,2,八里村,八里村
1009,0,0,0,,
1010,0,3,3,,"小寨,小寨,小寨"
1011,0,0,0,,
1012,0,1,1,,南二环长安立交西
1013,0,0,0,,
1014,0,2,2,,"南稍门,南稍门"
1015,0,0,0,,
1016,0,1,1,,南门外
1017,0,4,4,,"南门外,朱雀门,朱雀门,朱雀门"
1018,1,7,8,广济街,"钟楼西,广济街（市信访接待中心）,广济街（市信访接待中心）,广济街（市信访接待中心）,五味什字,五味什字,粉巷"
1019,0,0,0,,
1020,0,0,0,,
1021,0,2,2,,"莲湖公园,莲湖公园"
1022,0,4,4,,"立新街,药王洞,药王洞,北门外"
1023,0,2,2,,"铁路职业技术学院,铁路职业技术学院"
1024,0,3,3,,"文景路红庙坡路口,振华路西口,振华路西口"
1025,0,3,3,,"文景路红庙坡路口,文景路农兴路口,文景路农兴路口"
1026,0,4,4,,"龙首北路文景路口,龙首北路文景路口,龙首北路文景路口,龙首北路文景路口"
1027,0,3,3,,"文景路方新南路口,文景路方新南路口,文景路方新路口（枣园小区）"
1028,0,4,4,,"公交站_0,文景路方新路口（枣园小区）,纬二十九街,纬二十九街"
1029,0,4,4,,"萧家巷萧家南巷口,文景路萧家南巷口,北二环文景立交南,北二环文景立交南"
1030,0,7,7,,"城北客运站,城北客运站,西安城北客运站,城北客运站,城北客运站,城北客运站,城北客运站"
1031,0,5,5,,"文景路凤城一路口,文景路凤城二路口,文景路凤城二路口,文景路凤城二路口,文景路凤城二路口"
1032,0,4,4,,"文景路凤城三路口,长安医院,长安医院,文景路凤城三路口"
1033,0,4,4,,"交通职业技术学院校本部,交通职业技术学院校本部,交通职业技术学院校本部,交通职业技术学院校本部"
1034,0,4,4,,"西安中学,文景路凤城五路口,翁家庄,翁家庄"
1035,0,4,4,,"文景路凤城六路口,西安中学,中登家园,中登家园"
1036,0,5,5,,"文景路凤城七路口,文景路凤城七路口,文景路凤城七路口,文景路凤城七路口,文景路凤城七路口"
1037,1,2,3,文景路,"文景路凤城八路口,公交站_1"
1038,0,4,4,,"文景路凤城九路口,文景路凤城九路口,白桦林居北门,白桦林居北门"
1039,0,3,3,,"文景路凤城十路口,文景路凤城十路口,文景路凤城十路口"
1040,0,2,2,,"文景路凤城十二路口,文景路凤城十二路口"
1041,0,0,0,,
1042,0,0,0,,
1043,0,2,2,,"公交站_0,公交站_1"
1044,0,0,0,,
1045,0,1,1,,西安北站北广场
1046,0,0,0,,
1047,0,2,2,,"公交站_0,公交站_1"
1048,0,0,0,,
1049,0,0,0,,
1050,0,0,0,,
1051,0,0,0,,
1052,0,0,0,,
1053,0,0,0,,
1054,0,0,0,,
1055,0,0,0,,
1056,0,0,0,,
1057,0,1,1,,公交站_0
1058,0,0,0,,
1059,1,4,5,小寨,"小寨,小寨,小寨,公交站_3"
1060,0,2,2,,"兴善寺东街西口,兴善寺东街西口"
1061,1,8,9,体育场,"南二环长安立交东,南二环长安立交东,省体育场,省体育场,省体育场,南二环长安立交南,南二环长安立交南,省体育场"
1062,0,1,1,,草场坡
1063,1,5,6,南稍门,"南稍门,南稍门,南稍门,南稍门,草场坡"
1064,0,1,1,,南稍门
1065,1,3,4,永宁门,"南门外,南门外,南门外"
1066,0,4,4,,"南门里,南门外,南门里,南门外"
1067,0,8,8,,"钟楼南,钟楼南,公交站_2,钟楼东,钟楼南,钟楼南,钟楼西,钟楼西"
1068,1,4,5,钟楼,"西华门,钟楼北,钟楼北,钟楼北"
1069,0,3,3,,"西华门,西华门,西华门"
1070,1,9,10,北大街,"北大街,北大街,北大街,北大街,北大街,北大街,北大街,北大街,北大街"
1071,0,5,5,,"北门里,北门里,北门外,北门外,立新街"
1072,1,6,7,安远门,"北关,北关,北关,北关,北关,北关"
1073,0,3,3,,"北稍门,北稍门,北稍门"
1074,0,0,0,,
1075,1,4,5,龙首原,"龙首村,龙首村,龙首村,龙首村"
1076,0,3,3,,"方新村,未央路方新南路口,未央路方新南路口"
1077,0,4,4,,"公交六公司,方新村北,方新村北,方新村北"
1078,0,3,3,,"玄武西路东口,萧家巷萧家南巷口,淳德巷萧家南巷口"
1079,0,1,1,,雅荷花园
1080,0,2,2,,"市青少年活动中心,市青少年活动中心"
1081,0,0,0,,
1082,0,0,0,,
1083,0,2,2,,"明珠花园,明珠花园"
1084,0,0,0,,
1085,0,0,0,,
1086,0,3,3,,"行政中心西区,行政中心西区,行政中心"
1087,0,1,1,,文景路凤城九路口
1088,0,1,1,,文景路凤城十路口
1089,0,5,5,,"凤城北路凤城十二路口,凤城北路凤城十二路口,凤城北路中段,文景路凤城十一路口,文景路凤城十一路口"
1090,0,2,2,,"文景路凤城十二路口,文景路凤城十二路口"
1091,0,0,0,,
1092,0,6,6,,"公交站_0,文景路元朔路口,西安北站南广场,文景路元朔路口,文景路元朔路口,公交站_5"
1093,2,1,3,"西安北,西安北站",西安北站南广场
1094,1,0,1,西安北站,
1095,0,1,1,,西安北站北广场
1096,0,0,0,,
1097,0,1,1,,尚稷路东段
1098,0,0,0,,
1099,0,0,0,,
1100,0,0,0,,
1101,0,0,0,,
1102,0,0,0,,
1103,0,1,1,,瓦胡同村
1104,0,0,0,,
1105,0,0,0,,
1106,0,1,1,,公交站_0
1107,0,1,1,,公交站_0
1108,0,5,5,,"陕西历史博物馆,陕西历史博物馆,陕西历史博物馆,陕西历史博物馆,陕西历史博物馆"
1109,0,3,3,,"翠华路育才路口,省教育学院,省教育学院"
1110,0,5,5,,"南二环文艺路口,南二环文艺路口,南二环文艺路口,南二环文艺路口（长安大学）,南二环文艺路口（长安大学）"
1111,0,3,3,,"建设路文艺路口,建设路文艺路口,建设路文艺路口"
1112,1,6,7,文艺路,"友谊路文艺路口,友谊路文艺路口,友谊路文艺路口,友谊路文艺路口,友谊路文艺路口,友谊路文艺路口"
1113,0,1,1,,刁家村
1114,0,6,6,,"文昌门,文昌门,文昌门,文昌门,文昌门,刁家村"
1115,0,2,2,,"柏树林,文昌门"
1116,0,4,4,,"端履门,端履门,钟楼东,柏树林"
1117,0,2,2,,"新城广场,端履门"
1118,0,0,0,,
1119,0,2,2,,"北新街南口,北新街南口"
1120,0,3,3,,"北门里,北门外,西闸口南口"
1121,0,2,2,,"北关,北关"
1122,0,2,2,,"北稍门,北稍门"
1123,0,0,0,,
1124,0,4,4,,"龙首村,龙首北路龙首东路口,龙首北路龙首东路口,麟德路东段"
1125,0,1,1,,方新村
1126,1,3,4,大明宫西,"方新村北,公交六公司家属院,公交站_2"
1127,0,2,2,,"公交六公司,公交六公司"
1128,0,1,1,,雅荷花园
1129,1,4,5,青少年中心,"市青少年活动中心,市青少年活动中心,雅荷花园,雅荷花园"
1130,0,5,5,,"未央路凤城三路口,未央路凤城三路口,未央路凤城三路口,市青少年活动中心,市青少年活动中心"
1131,0,2,2,,"尤家庄,未央路凤城三路口"
1132,1,6,7,凤城五路,"未央路凤城五路口,未央路凤城五路口,未央路凤城五路口,未央路凤城五路口,未央路凤城五路口,尤家庄"
1133,0,1,1,,张家堡
1134,0,5,5,,"张家堡,公交站_1,张家堡,张家堡,张家堡"
1135,1,2,3,行政中心,"行政中心,行政中心"
1136,0,6,6,,"凤城九路开元路口,凤城九路开元路口,城市运动公园,城市运动公园,城市运动公园,城市运动公园"
1137,1,6,7,凤城十路,"凤城十路口(地铁运动公园站),凤城十路口(地铁运动公园站),未央路凤城十路口,未央路凤城十路口,未央路凤城十路口,未央路凤城十路口"
1138,0,1,1,,凤城北路中段
1139,1,2,3,北苑,"北苑站,北苑站"
1140,0,0,0,,
1141,0,4,4,,"西安北站南广场,元光路元鼎路口,公交站_2,文景路元朔路口"
1142,0,4,4,,"建元路元朔路口,建元路元朔路口,建元路元朔路口,西安北站南广场"
1143,0,0,0,,
1144,0,2,2,,"文景山公园,文景山公园"
1145,0,0,0,,
1146,1,1,2,红会医院北区,尚稷路东段
1147,0,0,0,,
1148,0,0,0,,
1149,0,0,0,,
1150,0,0,0,,
1151,1,1,2,大唐不夜城,雁塔南路雁南四路口
1152,0,1,1,,雁塔南路雁南四路口
1153,0,1,1,,雁塔南路雁南三路口
1154,0,0,0,,
1155,0,1,1,,大雁塔南广场
1156,0,2,2,,"公交站_0,雁塔西路东口"
1157,0,4,4,,"大雁塔北广场,大雁塔北广场,大雁塔北广场,陕西历史博物馆"
1158,0,1,1,,翠华路育才路口
1159,0,2,2,,"南二环雁塔立交西,南二环雁塔立交西"
1160,0,2,2,,"三二三医院,三二三医院"
1161,0,3,3,,"李家村,友谊路测绘西路口,友谊路测绘西路口"
1162,0,4,4,,"长胜街中段,长胜街中段,明胜路东口,明胜路东口"
1163,0,0,0,,
1164,0,0,0,,
1165,0,2,2,,"端履门,端履门"
1166,0,2,2,,"新城广场,新城广场"
1167,0,0,0,,
1168,0,4,4,,"革命公园,革命公园,八路军办事处,西七路"
1169,0,6,6,,"火车站西,火车站西,火车站西,八路军办事处,西八路,西闸口南口"
1170,0,2,2,,"建强路自强路口,建强路自强路口"
1171,0,4,4,,"红庙坡路东口,红庙坡路东口,红庙坡路东口,红庙坡路东口"
1172,0,1,1,,拾翠路龙首北路口
1173,0,3,3,,"拾翠路麟德路口,拾翠路中段,拾翠路中段"
1174,0,4,4,,"公交站_0,公交站_1,福殿路政法巷口,福殿路政法巷口"
1175,0,7,7,,"玄武路中段,玄武路中段,玄武路开元路口,玄武路开元路口,公交站_4,福殿路仙居巷口,福殿路仙居巷口"
1176,0,2,2,,"公交六公司东区,公交六公司东区"
1177,0,3,3,,"开元路凤城一路口,开元路凤城一路口,公交六公司东区"
1178,0,5,5,,"开元路凤城二路口,开元路凤城二路口,开元路凤城二路口,开元路凤城二路口,开元路凤城一路口"
1179,0,4,4,,"长庆兴隆园,开元路凤城三路口,开元路凤城三路口,凤城三路凤苑路口"
1180,0,3,3,,"开元路凤城四路口,开元路凤城四路口,开元路凤城四路口"
1181,0,4,4,,"开元路凤城五路口,开元路凤城五路口,开元路凤城五路口,开元路凤城五路口"
1182,0,5,5,,"开元路凤城六路口,开元路凤城六路口,开元路凤城六路口,开元路凤城七路口,开元路凤城六路口"
1183,0,7,7,,"行政中心,行政中心,开元路凤城八路口,开元路凤城八路口,开元路凤城七路口,开元路凤城七路口,开元路凤城七路口"
1184,0,4,4,,"开元路凤城八路口,开元路凤城八路口,开元路苑城路口,开元路苑城路口"
1185,0,4,4,,"凤城九路开元路口,凤城九路开元路口,西航福利区,西航福利区"
1186,0,3,3,,"开元路凤城十路口,开元路凤城十路口,开元路凤城十路口"
1187,0,1,1,,河址西
1188,0,0,0,,
1189,0,1,1,,长乐东苑D区
1190,0,3,3,,"长乐东苑D区,吕小寨社区,吕小寨社区"
1191,0,6,6,,"建元一路元朔大道口,长乐东苑B区,长乐东苑小区,公交站_3,长乐东苑A区,建元路元朔大道口"
1192,1,2,3,文景山公园,"文景山公园地铁站,文景山公园地铁站"
1193,0,2,2,,"建元二路秦汉大道口,文景山公园"
1194,0,0,0,,
1195,0,0,0,,
1196,0,0,0,,
1197,0,0,0,,
1198,0,0,0,,
1199,0,0,0,,
1200,0,0,0,,
1201,0,1,1,,雁塔南路雁南四路口
1202,0,1,1,,雁塔南路雁南四路口
1203,1,1,2,唐城墙遗址公园西,雁塔南路雁南三路口
1204,0,0,0,,
1205,0,4,4,,"公交站_0,雁塔南路雁南一路口,大唐芙蓉园西门,大唐芙蓉园西门"
1206,0,3,3,,"芙蓉东路芙蓉西路口,大雁塔北广场,大雁塔南广场"
1207,2,5,7,"大雁塔,大雁塔北广场","大雁塔北广场,大雁塔北广场,大雁塔北广场,市委党校,大雁塔北广场"
1208,0,2,2,,"大雁塔北广场,雁塔路育才路口"
1209,1,1,2,西安科技大学,南二环雁塔立交北
1210,0,8,8,,"鲁家村,建筑科技大学,南二环雁塔立交北,鲁家村,鲁家村,鲁家村,鲁家村,鲁家村"
1211,1,6,7,建筑科技大学·李家村,"四五一医院,李家村,李家村,李家村,李家村,李家村"
1212,0,8,8,,"建东街,李家村,李家村,安西街,安西街,建东街,建西街,建西街"
1213,1,5,6,和平门,"和平门外,和平门外,和平门外,和平门外,和平门外"
1214,0,3,3,,"和平门里,和平门里,和平门里"
1215,1,5,6,大差市,"大差市,大差市,大差市,大差市,大差市"
1216,0,6,6,,"大差市,大差市,民乐园,民乐园,民乐园,民乐园"
1217,0,4,4,,"民乐园,五路口,五路口,民乐园"
1218,1,7,8,五路口,"机场大巴站,五路口,五路口,五路口,五路口,火车站,火车站"
1219,1,9,10,西安,"火车站,火车站,火车站,火车站（火车站东广场）,公交站_4,火车站,火车站,火车站,火车站"
1220,0,12,12,,"火车站北,火车站北,火车站北,火车站北,火车站北,火车站北,火车站北,火车站北,火车站北,火车站北,火车站北,火车站北"
1221,0,0,0,,
1222,0,0,0,,
1223,0,0,0,,
1224,0,0,0,,
1225,0,0,0,,
1226,0,1,1,,北二环贞观路口
1227,0,3,3,,"贞观路凤城一路口,贞观路凤城一路口,北二环贞观路口"
1228,1,3,4,市第三医院,"公交站_0,凤城二路贞观路口,凤城二路贞观路口"
1229,0,5,5,,"凤城二路贞观路口,贞观路(西安市第三医院),凤城三路贞观路口,凤城三路贞观路口,贞观路凤城三路口"
1230,0,4,4,,"贞观路凤城四路口,贞观路凤城四路口,贞观路凤城四路口,贞观路凤城四路口"
1231,0,9,9,,"贞观路常青二路口,贞观路常青二路口,贞观路凤城五路口,贞观路凤城五路口,贞观路凤城五路口,贞观路凤城五路口,贞观路凤城五路口,永徽路凤城五路口,永徽路凤城五路口"
1232,0,4,4,,"贞观路凤城七路口,贞观路凤城七路口,永徽路凤城六路口,永徽路凤城六路口"
1233,1,7,8,市中医医院,"永徽路凤城八路口,永徽路凤城八路口,市中医医院,贞观路凤城八路口,贞观路凤城七路口,市中医医院,市中医医院"
1234,0,2,2,,"文景东区,文景东区"
1235,0,4,4,,"凤城九路永徽路口,凤城九路永徽路口,凤城九路贞观路口,凤城九路贞观路口"
1236,0,2,2,,"红旗西路公交调度站,红旗西路公交调度站"
1237,0,2,2,,"河址西,河址西"
1238,0,4,4,,"北三环路口,北三环路口,河址西北,河址西北"
1239,0,0,0,,
1240,0,3,3,,"公交站_0,韩家湾社区,韩家湾社区"
1241,0,4,4,,"公交站_0,隆源国际城B区,隆源国际城B区,建元二路元朔大道口"
1242,0,0,0,,
1243,0,1,1,,建元二路秦汉大道口
1244,0,0,0,,
1245,0,0,0,,
1246,0,0,0,,
1247,0,0,0,,
1248,0,0,0,,
1249,1,0,1,金滹沱,
1250,0,0,0,,
1251,0,0,0,,
1252,0,0,0,,
1253,0,0,0,,
1254,0,0,0,,
1255,1,0,1,大唐芙蓉园,
1256,0,1,1,,大唐芙蓉园西门
1257,1,4,5,亮宝楼,"大唐芙蓉园,大雁塔南广场,芙蓉东路芙蓉西路口,大唐芙蓉园"
1258,0,4,4,,"西影路西段,西影路西段,市委党校,市委党校"
1259,0,0,0,,
1260,0,2,2,,"铁一局医院,铁一局医院"
1261,0,4,4,,"祭台村,祭台村,祭台村,建筑科技大学"
1262,0,4,4,,"友谊路太乙路口,友谊路太乙路口,四五一医院,友谊路太乙路口"
1263,0,4,4,,"建东街东段,建东街东段,安东街,安东街"
1264,0,3,3,,"陕报社,陕报社,东南城角"
1265,0,1,1,,建国路小学（省委招待所）
1266,0,4,4,,"尚勤路南口,尚勤路南口,东门里,东门里"
1267,0,3,3,,"中山门,东新街,东新街"
1268,0,1,1,,朝阳门
1269,0,3,3,,"五路口,五路口,东五路尚勤路口"
1270,1,4,5,西安站,"火车站东,火车站东,公交站_2,火车站东"
1271,0,0,0,,
1272,0,0,0,,
1273,0,0,0,,
1274,0,0,0,,
1275,0,0,0,,
1276,0,2,2,,"锦园新世纪南门,锦园新世纪南门"
1277,0,2,2,,"锦园新世纪,锦园新世纪"
1278,0,1,1,,渭滨路南口
1279,0,2,2,,"渭滨路凤城二路口,渭滨路凤城二路口"
1280,0,0,0,,
1281,0,0,0,,
1282,0,1,1,,渭滨路凤城五路口
1283,0,0,0,,
1284,0,2,2,,"张家堡新区,张家堡新区"
1285,0,0,0,,
1286,0,1,1,,凤城九路贞观路口
1287,0,0,0,,
1288,0,0,0,,
1289,0,0,0,,
1290,0,0,0,,
1291,0,0,0,,
1292,0,0,0,,
1293,0,0,0,,
1294,0,0,0,,
1295,0,2,2,,"秦汉大道西铜立交西,秦汉大道西铜立交西"
1296,0,0,0,,
1297,1,0,1,草滩,
1298,0,0,0,,
1299,0,0,0,,
1300,0,0,0,,
1301,0,0,0,,
1302,0,0,0,,
1303,0,0,0,,
1304,1,0,1,曲江池西,
1305,0,0,0,,
1306,1,2,3,曲江池,"公交站_0,公交站_1"
1307,0,0,0,,
1308,1,2,3,大唐芙蓉园东,"曲江海洋世界,曲江海洋世界"
1309,0,0,0,,
1310,1,5,6,北池头,"北池头,北池头,北池头,北池头,北池头"
1311,0,2,2,,"西安乐游原,西安乐游原"
1312,0,3,3,,"青龙路西口,青龙路西口,西延路青龙路口"
1313,0,0,0,,
1314,1,3,4,太乙路,"友谊路乐居场路口（西铁局）,友谊路乐居场路口（西铁局）,友谊路太乙路口"
1315,0,1,1,,建东街东段
1316,0,6,6,,"咸宁路乐居场路口（南廓门）,咸宁路乐居场路口（南廓门）,东南城角,东南城角,东南城角,东南城角"
1317,0,0,0,,
1318,1,10,11,长乐门,"东门外,东门外,东门外,东门外,东门外,东门外,东门外,东门外,鸡市拐,鸡市拐"
1319,0,2,2,,"中山门,中山门"
1320,1,4,5,朝阳门,"朝阳门,朝阳门,朝阳门,朝阳门"
1321,0,3,3,,"朝阳门,朝阳门,朝阳门"
1322,0,1,1,,长缨路华清路口
1323,0,5,5,,"太华路自强路口,太华路自强路口,太华路自强路口,太华路自强路口,太华路自强路口"
1324,1,4,5,含元殿,"大华1935,大华1935,大华1935,大华1935"
1325,0,2,2,,"含元殿地铁站,含元殿地铁站"
1326,1,2,3,大明宫,"大明宫地铁站,大明宫地铁站"
1327,0,2,2,,"太华路太元路口,太华路太元路口"
1328,0,3,3,,"太华路玄武路口,玄武路东口,玄武路东口"
1329,1,1,2,大明宫北,太华路玄武路口
1330,0,3,3,,"西铁小区,西铁小区,西铁小区"
1331,1,4,5,余家寨,"余家寨,余家寨,余家寨,余家寨"
1332,0,0,0,,
1333,1,0,1,百花村,
1334,0,0,0,,
1335,1,0,1,常青路,
1336,0,2,2,,"渭滨路凤城八路口,渭滨路凤城八路口"
1337,0,0,0,,
1338,0,0,0,,
1339,0,0,0,,
1340,0,0,0,,
1341,0,0,0,,
1342,0,0,0,,
1343,0,0,0,,
1344,0,0,0,,
1345,0,0,0,,
1346,0,0,0,,
1347,0,0,0,,
1348,0,0,0,,
1349,0,0,0,,
1350,0,0,0,,
1351,0,0,0,,
1352,0,0,0,,
1353,0,0,0,,
1354,0,0,0,,
1355,0,0,0,,
1356,0,0,0,,
1357,0,0,0,,
1358,1,0,1,阅江楼,
1359,1,0,1,畅观楼,
1360,0,0,0,,
1361,1,0,1,唐城墙遗址公园东,
1362,0,2,2,,"北池头二路芙蓉东路口,北池头二路芙蓉东路口"
1363,0,0,0,,
1364,0,2,2,,"观音庙,观音庙"
1365,0,2,2,,"经九路西影路口,经九路西影路口"
1366,0,2,2,,"经九路青龙路口,经九路青龙路口"
1367,0,4,4,,"武警医院,南二环经九路口,南二环经九路口,南二环经九路口"
1368,0,4,4,,"交大南门,交大南门,友谊路经九路口,友谊路经九路口"
1369,0,2,2,,"兴庆西路建东街口,兴庆西路建东街口"
1370,0,2,2,,"兴庆西路咸宁路口,兴庆西路咸宁路口"
1371,0,2,2,,"兴庆公园西门,兴庆公园西门"
1372,0,4,4,,"鸡市拐,鸡市拐,兴庆西路柿园路口,兴庆西路柿园路口"
1373,0,2,2,,"新乐路长乐坊路口,新乐路长乐坊路口"
1374,0,5,5,,"安仁坊,安仁坊,安仁坊,安仁坊,安仁坊"
1375,0,0,0,,
1376,0,5,5,,"长缨路华清路口,公交站_1,三府湾,三府湾西,三府湾西"
1377,0,0,0,,
1378,0,3,3,,"含元北路南口,含元路建华路口,含元路建华路口"
1379,0,0,0,,
1380,0,0,0,,
1381,0,2,2,,"太元路马旗寨路口,太元路马旗寨路口"
1382,0,2,2,,"公交站_0,公交站_1"
1383,0,2,2,,"北二环太华路口,北二环太华路口"
1384,0,0,0,,
1385,0,0,0,,
1386,0,0,0,,
1387,0,0,0,,
1388,0,0,0,,
1389,0,0,0,,
1390,0,2,2,,"太华路凤城八路口,太华路凤城八路口"
1391,0,0,0,,
1392,0,0,0,,
1393,0,0,0,,
1394,0,0,0,,
1395,0,0,0,,
1396,0,0,0,,
1397,0,0,0,,
1398,0,0,0,,
1399,0,0,0,,
1400,0,0,0,,
1401,0,0,0,,
1402,0,0,0,,
1403,0,0,0,,
1404,0,0,0,,
1405,0,0,0,,
1406,0,0,0,,
1407,0,0,0,,
1408,0,0,0,,
1409,0,0,0,,
1410,0,0,0,,
1411,0,0,0,,
1412,0,0,0,,
1413,1,0,1,寒窑,
1414,1,0,1,寒窑,
1415,0,0,0,,
1416,0,0,0,,
1417,0,0,0,,
1418,0,0,0,,
1419,0,0,0,,
1420,0,2,2,,"新疆三所,新疆三所"
1421,0,2,2,,"铁一中东校区,铁一中东校区"
1422,0,1,1,,武警医院
1423,0,2,2,,"沙坡,沙坡"
1424,0,2,2,,"沙坡村,沙坡村"
1425,1,5,6,交通大学·兴庆宫,"兴庆公园南门,咸宁路兴庆路口,咸宁路兴庆路口,兴庆公园南门,咸宁路兴庆路口"
1426,0,1,1,,兴庆公园东门
1427,0,4,4,,"兴庆公园北门,兴庆公园北门,兴庆路互助路口,兴庆路互助路口"
1428,0,0,0,,
1429,1,6,7,康复路,"康复路,康复路,康复路,康复路,康复路,康复路"
1430,0,0,0,,
1431,0,5,5,,"长缨路康复路口,长缨路康复路口,三府湾,长缨路康复路口,长缨路康复路口"
1432,0,1,1,,华清村
1433,0,4,4,,"八府庄,八府庄,八府庄,含元北路南口"
1434,0,6,6,,"八府庄,八府庄北路中段,八府庄北路中段,太和路八府庄二坊口,太和路八府庄二坊口,太和路东元西路口"
1435,0,1,1,,太和路东元西路口
1436,0,7,7,,"太元路西段,太元路西段,太元路太和路口,太和路太康路口,太和路太康路口,太元路太和路口,太元路太和路口"
1437,0,2,2,,"太和路中段,太和路中段"
1438,0,4,4,,"井上村,井上村,太和路北段,太和路北段"
1439,0,0,0,,
1440,1,3,4,井上村,"井上村地铁站,井上村地铁站,井上村地铁站"
1441,0,0,0,,
1442,0,0,0,,
1443,0,0,0,,
1444,0,0,0,,
1445,0,0,0,,
1446,0,0,0,,
1447,0,0,0,,
1448,1,0,1,红旗厂,
1449,0,0,0,,
1450,0,0,0,,
1451,0,0,0,,
1452,0,0,0,,
1453,0,0,0,,
1454,0,0,0,,
1455,0,0,0,,
1456,0,0,0,,
1457,0,0,0,,
1458,0,0,0,,
1459,0,0,0,,
1460,0,0,0,,
1461,0,0,0,,
1462,0,0,0,,
1463,0,0,0,,
1464,0,0,0,,
1465,0,0,0,,
1466,0,0,0,,
1467,0,0,0,,
1468,0,0,0,,
1469,0,0,0,,
1470,0,0,0,,
1471,0,0,0,,
1472,0,0,0,,
1473,0,0,0,,
1474,0,0,0,,
1475,0,0,0,,
1476,0,5,5,,"青龙寺,青龙寺,青龙寺,铁炉庙,铁炉庙"
1477,1,2,3,青龙寺,"青龙寺,青龙寺"
1478,1,5,6,雁翔路北口,"沙坡,沙坡,青龙路东口,青龙路东口,公交站_4"
1479,0,3,3,,"沙坡,新安医院,新安医院"
1480,0,0,0,,
1481,0,5,5,,"咸宁路兴庆路口,咸宁路兴庆路口,咸宁路交大街口,咸宁路交大街口,咸宁路交大街口"
1482,0,1,1,,兴庆公园东门
1483,0,5,5,,"兴庆路互助路口,兴庆路互助路口,兴庆路互助路口,兴庆路互助路口,东二环互助路口"
1484,0,3,3,,"兴庆路互助路口,兴庆路伞塔路口,兴庆路伞塔路口"
1485,0,8,8,,"圣荣广场,圣荣广场,圣荣广场,圣荣广场,圣荣广场,西京医院,西京医院,西京医院"
1486,0,0,0,,
1487,0,2,2,,"长缨路四合窑口,长缨路四合窑口"
1488,0,3,3,,"华清立交西,华清立交西,华清村"
1489,0,0,0,,
1490,0,2,2,,"万国金色家园,万国金色家园"
1491,0,2,2,,"八府庄小区,八府庄小区"
1492,0,5,5,,"太元路太和路口,太元路御井路口,太元路御井路口,太元路东段,太元路太和路口"
1493,0,0,0,,
1494,0,2,2,,"辛家庙西村,辛家庙西村"
1495,0,0,0,,
1496,0,3,3,,"井上村地铁站,珠江新城小区,珠江新城小区"
1497,0,0,0,,
1498,0,0,0,,
1499,1,0,1,帽珥冢,
1500,0,0,0,,
1501,1,2,3,团结村,"经九路凤城八路口,经九路凤城八路口"
1502,0,0,0,,
1503,0,0,0,,
1504,0,0,0,,
1505,0,0,0,,
1506,0,0,0,,
1507,0,0,0,,
1508,1,0,1,西安工大·武德路,
1509,0,0,0,,
1510,0,0,0,,
1511,0,0,0,,
1512,1,1,2,景家堡,景家村
1513,0,2,2,,"景家村,景家村"
1514,0,0,0,,
1515,0,0,0,,
1516,0,0,0,,
1517,0,0,0,,
1518,0,0,0,,
1519,0,0,0,,
1520,0,0,0,,
1521,0,0,0,,
1522,0,0,0,,
1523,0,0,0,,
1524,0,0,0,,
1525,0,0,0,,
1526,0,0,0,,
1527,1,0,1,新开门,
1528,0,0,0,,
1529,0,0,0,,
1530,0,0,0,,
1531,0,0,0,,
1532,0,0,0,,
1533,0,0,0,,
1534,0,6,6,,"铁设院,铁设院,西影路延兴门西路口,西影路延兴门西路口,青龙寺,青龙寺"
1535,0,2,2,,"新安路北段,新安路北段"
1536,1,2,3,延兴门,"建工路西口,建工路西口"
1537,0,2,2,,"信号厂,信号厂"
1538,1,5,6,咸宁路,"东二环咸宁路口,东二环咸宁路口,东二环咸宁路口,东二环咸宁路口,东二环咸宁路口"
1539,0,2,2,,"东二环长兴路口,东二环长兴路口"
1540,1,4,5,长乐公园,"东二环互助路口,东二环互助路口,东二环互助路口,长乐公园西门"
1541,0,4,4,,"长乐公园西门,长乐公园西门,长乐公园西门,东二环金康路口"
1542,1,4,5,通化门,"东二环长乐路口,东二环长乐路口,东二环长乐路口,东二环金康路口"
1543,0,2,2,,"东二环信和路口,东二环信和路口"
1544,1,5,6,胡家庙,"胡家庙,胡家庙,胡家庙,胡家庙,胡家庙"
1545,0,3,3,,"新兴骏景园,新兴骏景园,兴工路西口"
1546,0,0,0,,
1547,1,4,5,石家街,"石家街,石家街,石家街,东元西路"
1548,0,6,6,,"东二环米秦北路口,东二环米秦北路口,石家街,石家街,东元西路,东二环米秦北路口"
1549,0,4,4,,"太元路东段,东二环矿山路口,东二环矿山路口,东二环矿山路口"
1550,1,3,4,辛家庙,"辛家庙,辛家庙,辛家庙"
1551,0,5,5,,"辛家庙立交,辛家庙立交,辛家庙立交,辛家庙立交,辛家庙立交"
1552,0,1,1,,浐灞大道西口
1553,0,0,0,,
1554,0,0,0,,
1555,0,0,0,,
1556,0,0,0,,
1557,0,0,0,,
1558,0,1,1,,永淳路东口
1559,0,0,0,,
1560,0,0,0,,
1561,0,0,0,,
1562,0,0,0,,
1563,0,0,0,,
1564,0,0,0,,
1565,0,0,0,,
1566,0,0,0,,
1567,0,0,0,,
1568,0,0,0,,
1569,0,0,0,,
1570,0,0,0,,
1571,0,0,0,,
1572,0,0,0,,
1573,0,0,0,,
1574,0,0,0,,
1575,0,0,0,,
1576,0,0,0,,
1577,0,0,0,,
1578,0,0,0,,
1579,0,0,0,,
1580,0,0,0,,
1581,0,0,0,,
1582,0,0,0,,
1583,0,0,0,,
1584,0,0,0,,
1585,0,0,0,,
1586,0,0,0,,
1587,1,0,1,理工大曲江校区,
1588,0,0,0,,
1589,0,0,0,,
1590,0,2,2,,"新安路西影路口,新安路西影路口"
1591,0,0,0,,
1592,0,2,2,,"建工路火炬路口,建工路火炬路口"
1593,0,0,0,,
1594,0,2,2,,"咸宁路火炬路口,咸宁路火炬路口"
1595,0,4,4,,"爱学路复聪路口,爱学路复聪路口,长兴路新光巷口,长兴路新光巷口"
1596,0,2,2,,"东二环韩森路口,东二环韩森路口"
1597,0,0,0,,
1598,0,2,2,,"东二环长乐路口,东二环长乐路口"
1599,0,2,2,,"万年路中段,万年路中段"
1600,0,0,0,,
1601,0,1,1,,新兴骏景园北门
1602,0,2,2,,"华清立交东,华清立交东"
1603,0,2,2,,"米秦路西口,秦孟街社区"
1604,0,2,2,,"米秦路西口,秦孟街社区"
1605,0,5,5,,"东二环米秦北路口,华远路米秦北路口,华远路米秦北路口,华远路米秦北路口,东二环矿山路口"
1606,0,0,0,,
1607,0,5,5,,"辛家庙立交,辛家庙立交,辛家庙立交,辛家庙立交,辛家庙立交"
1608,0,1,1,,浐灞大道西口
1609,0,2,2,,"祥和居小区,祥和居小区"
1610,0,2,2,,"泘沱村,泘沱村"
1611,0,4,4,,"北辰路永城路口,北辰路永城路口,北辰路永城路口,北辰路永城路口"
1612,0,2,2,,"北辰路欧亚一路口,北辰路欧亚一路口"
1613,0,0,0,,
1614,0,1,1,,永淳路东口
1615,0,2,2,,"北辰路东方红村,北辰路东方红村"
1616,0,2,2,,"北辰路任家寨,北辰路任家寨"
1617,0,2,2,,"北三环北辰立交南,北三环北辰立交南"
1618,0,0,0,,
1619,0,0,0,,
1620,0,2,2,,"北三环北辰立交北,北三环北辰立交北"
1621,1,2,3,北辰,"北辰路元朔大道口,北辰路元朔大道口"
1622,0,1,1,,北辰路锦绣天下
1623,0,0,0,,
1624,0,0,0,,
1625,0,0,0,,
1626,0,1,1,,八家十字
1627,0,0,0,,
1628,0,0,0,,
1629,1,0,1,未央湖,
1630,0,0,0,,
1631,0,0,0,,
1632,0,0,0,,
1633,0,0,0,,
1634,0,0,0,,
1635,0,1,1,,杜凌调度站
1636,0,0,0,,
1637,0,0,0,,
1638,0,0,0,,
1639,0,0,0,,
1640,0,0,0,,
1641,0,0,0,,
1642,0,0,0,,
1643,0,0,0,,
1644,0,0,0,,
1645,0,0,0,,
1646,0,0,0,,
1647,0,0,0,,
1648,0,5,5,,"千户村,千户村,千户村,千户村,千户村"
1649,0,6,6,,"建工路公园南路口,建工路公园南路口,建工路公园南路口,建工路公园南路口,新城科技园,新城科技园"
1650,0,2,2,,"公园南路中段,公园南路中段"
1651,1,7,8,公园南路,"爱学路公园南路口,爱学路公园南路口,咸宁路公园南路口,咸宁路公园南路口,咸宁路公园南路口,咸宁路公园南路口,咸宁路公园南路口"
1652,0,4,4,,"公园南路爱民路口,公园南路爱民路口,公园南路爱民路口,公园南路爱民路口"
1653,0,6,6,,"公园南路北口,公园南路北口,公园南路北口,公园南路北口,公园南路北口,康乐路迎祥坊路口"
1654,0,3,3,,"康乐路迎祥坊路口,公园北路迎祥坊路口,公园北路迎祥坊路口"
1655,0,6,6,,"长乐路公园北路口,长乐路公园北路口,长乐路公园北路口,长乐路公园北路口,长乐路公园北路口,金康路"
1656,0,2,2,,"公园北路中段,公园北路中段"
1657,0,7,7,,"长缨路万年路口,长缨路万年路口,长缨北路南口（电力医院）,百禾小区,百禾小区,长缨路公园北路口,长缨路公园北路口"
1658,0,2,2,,"兴工路东站路口,公园北路北段"
1659,0,2,2,,"公园北路北段,华清路公园北路口"
1660,1,0,1,浐灞,
1661,0,2,2,,"杜家街,杜家街"
1662,0,1,1,,华远路米秦北路口
1663,0,0,0,,
1664,0,0,0,,
1665,0,1,1,,浐灞一小
1666,1,4,5,北辰东路,"浐灞一小,浐灞一小,浐灞一小,浐灞一小"
1667,0,0,0,,
1668,0,0,0,,
1669,0,0,0,,
1670,0,0,0,,
1671,0,2,2,,"广运潭大道欧亚四路口,广运潭大道欧亚四路口"
1672,0,0,0,,
1673,0,0,0,,
1674,0,0,0,,
1675,0,0,0,,
1676,0,0,0,,
1677,0,0,0,,
1678,0,0,0,,
1679,0,1,1,,北辰路锦绣天下
1680,0,0,0,,
1681,0,0,0,,
1682,0,0,0,,
1683,0,5,5,,"八家十字,八家十字,八家十字,家润碧泽园,家润碧泽园"
1684,0,0,0,,
1685,0,0,0,,
1686,0,0,0,,
1687,0,0,0,,
1688,0,0,0,,
1689,0,0,0,,
1690,0,0,0,,
1691,0,0,0,,
1692,0,0,0,,
1693,0,0,0,,
1694,0,0,0,,
1695,0,0,0,,
1696,0,0,0,,
1697,0,0,0,,
1698,1,0,1,缪家寨,
1699,0,0,0,,
1700,1,0,1,黄渠头,
1701,0,0,0,,
1702,0,0,0,,
1703,0,0,0,,
1704,0,2,2,,"东等驾坡,东等驾坡"
1705,0,4,4,,"康宁路西口,康宁路西口,等驾坡,等驾坡"
1706,1,4,5,西等驾坡,"建工路东口,建工路东口,建工路东口,建工路东口"
1707,0,1,1,,纬什街
1708,1,6,7,万寿南路,"爱宁路爱学路口,爱宁路爱学路口,纬什街,纬什街,105街坊,105街坊"
1709,0,4,4,,"万寿中路,万寿中路,万寿中路,万寿中路"
1710,1,5,6,韩森寨,"康乐路南口,康乐路南口,韩森寨,韩森寨,韩森寨"
1711,0,3,3,,"长乐路万寿路口,十六街坊,十六街坊"
1712,1,5,6,万寿路,"长乐路万寿路口,长乐路万寿路口,康乐路北口,康乐路北口,长乐路万寿路口"
1713,0,1,1,,万寿北路南段
1714,0,4,4,,"王家坟,王家坟,长缨北路南口（电力医院）,长缨北路南口（电力医院）"
1715,0,2,2,,"陕汽福利区,陕汽福利区"
1716,0,3,3,,"华清路公园北路口,万寿北路北口,万寿北路北口"
1717,0,0,0,,
1718,0,1,1,,东岭欣城
1719,0,0,0,,
1720,0,0,0,,
1721,0,0,0,,
1722,0,0,0,,
1723,0,0,0,,
1724,0,0,0,,
1725,0,0,0,,
1726,0,1,1,,广运潭大道欧亚大道口
1727,0,0,0,,
1728,0,0,0,,
1729,0,0,0,,
1730,0,0,0,,
1731,0,0,0,,
1732,0,0,0,,
1733,0,0,0,,
1734,0,0,0,,
1735,0,0,0,,
1736,0,0,0,,
1737,0,0,0,,
1738,0,0,0,,
1739,0,0,0,,
1740,0,2,2,,"广运潭大道秦汉大道口,广运潭大道秦汉大道口"
1741,0,1,1,,广运潭大道秦汉大道口
1742,0,0,0,,
1743,0,0,0,,
1744,0,0,0,,
1745,0,0,0,,
1746,0,0,0,,
1747,0,0,0,,
1748,0,0,0,,
1749,0,0,0,,
1750,0,0,0,,
1751,0,0,0,,
1752,0,0,0,,
1753,0,0,0,,
1754,0,0,0,,
1755,0,0,0,,
1756,0,0,0,,
1757,0,0,0,,
1758,0,0,0,,
1759,0,0,0,,
1760,0,0,0,,
1761,1,4,5,东等驾坡,"长鸣路月登阁路口,长鸣路月登阁路口,长鸣路月登阁路口,长鸣路月登阁路口"
1762,0,1,1,,东等驾坡
1763,0,0,0,,
1764,0,1,1,,建工路东口
1765,0,0,0,,
1766,0,4,4,,"纬什街,纬什街,纬什街,咸宁路卫星测控中心"
1767,0,1,1,,幸福中路
1768,0,3,3,,"韩森寨,韩森东路幸福路口,韩森东路幸福路口"
1769,0,1,1,,长乐路幸福路口
1770,0,3,3,,"长乐路幸福路口,长乐路幸福路口,幸福北路南段"
1771,0,0,0,,
1772,0,3,3,,"王家坟,王家坟,万寿北路中段"
1773,1,2,3,幸福林带北,"幸福北路北口,幸福北路中段"
1774,0,1,1,,万寿北路北口
1775,0,0,0,,
1776,0,3,3,,"东岭欣城,苏王村,苏王村"
1777,1,0,1,米家崖,
1778,0,0,0,,
1779,1,6,7,广泰门,"公交站_0,广运潭大道广安路口,广运潭大道广安路口,广运潭大道广安路口,广运潭大道广安路口,广运潭大道广安路口"
1780,0,1,1,,公交站_0
1781,0,0,0,,
1782,0,0,0,,
1783,0,1,1,,广运潭大大欧亚大道口
1784,0,0,0,,
1785,0,0,0,,
1786,0,0,0,,
1787,0,0,0,,
1788,0,0,0,,
1789,0,0,0,,
1790,0,0,0,,
1791,0,0,0,,
1792,0,0,0,,
1793,0,0,0,,
1794,0,0,0,,
1795,0,0,0,,
1796,0,0,0,,
1797,0,0,0,,
1798,0,0,0,,
1799,0,1,1,,广运潭大道秦汉大道口
1800,0,0,0,,
1801,0,0,0,,
1802,0,0,0,,
1803,0,0,0,,
1804,0,0,0,,
1805,0,0,0,,
1806,0,0,0,,
1807,0,0,0,,
1808,0,0,0,,
1809,0,0,0,,
1810,0,0,0,,
1811,0,0,0,,
1812,0,0,0,,
1813,0,0,0,,
1814,1,0,1,植物园,
1815,0,0,0,,
1816,1,0,1,马腾空,
1817,0,0,0,,
1818,0,2,2,,"世园花卉交易中心,世园花卉交易中心"
1819,0,0,0,,
1820,0,0,0,,
1821,0,0,0,,
1822,0,0,0,,
1823,1,1,2,卫星测控中心,咸宁路卫星测控中心
1824,0,0,0,,
1825,0,2,2,,"新东尚小区,新东尚小区"
1826,0,0,0,,
1827,0,2,2,,"长乐东路西段,长乐东路西段"
1828,0,0,0,,
1829,0,0,0,,
1830,0,0,0,,
1831,0,0,0,,
1832,0,0,0,,
1833,0,0,0,,
1834,0,0,0,,
1835,0,0,0,,
1836,0,0,0,,
1837,0,0,0,,
1838,0,0,0,,
1839,0,0,0,,
1840,0,1,1,,欧亚大道浐河西路口
1841,0,3,3,,"欧亚大道浐河西路口,欧亚大道浐河东路口,欧亚大道浐河东路口"
1842,0,0,0,,
1843,0,0,0,,
1844,0,0,0,,
1845,0,0,0,,
1846,0,0,0,,
1847,0,0,0,,
1848,0,0,0,,
1849,0,1,1,,公交站_0
1850,0,0,0,,
1851,0,0,0,,
1852,0,0,0,,
1853,0,0,0,,
1854,0,0,0,,
1855,0,1,1,,西航花园
1856,0,0,0,,
1857,0,0,0,,
1858,0,0,0,,
1859,0,0,0,,
1860,0,0,0,,
1861,0,0,0,,
1862,0,0,0,,
1863,0,0,0,,
1864,0,0,0,,
1865,0,0,0,,
1866,0,0,0,,
1867,0,0,0,,
1868,0,0,0,,
1869,0,0,0,,
1870,0,0,0,,
1871,0,0,0,,
1872,0,0,0,,
1873,0,0,0,,
1874,0,0,0,,
1875,0,2,2,,"月登阁公交调度站,月登阁公交调度站"
1876,0,0,0,,
1877,0,0,0,,
1878,0,0,0,,
1879,0,0,0,,
1880,0,2,2,,"安装四处,安装四处"
1881,0,3,3,,"韩森东路志远巷口,韩森东路西段,韩森东路西段"
1882,0,1,1,,韩森东路志远巷口
1883,0,0,0,,
1884,0,1,1,,长乐坡
1885,0,0,0,,
1886,0,0,0,,
1887,0,0,0,,
1888,0,2,2,,"十里铺,十里铺"
1889,0,0,0,,
1890,0,0,0,,
1891,0,0,0,,
1892,0,0,0,,
1893,0,0,0,,
1894,0,0,0,,
1895,0,0,0,,
1896,0,0,0,,
1897,0,0,0,,
1898,0,0,0,,
1899,0,0,0,,
1900,0,0,0,,
1901,0,0,0,,
1902,0,0,0,,
1903,0,0,0,,
1904,0,0,0,,
1905,0,2,2,,"全运路港兴一路口,公交站_1"
1906,0,5,5,,"公交站_0,公交站_1,公交站_2,公交站_3,公交站_4"
1907,1,2,3,奥体中心,"灞渭大道港兴二路口,灞渭大道港兴二路口"
1908,0,1,1,,奥体中心北门
1909,0,0,0,,
1910,0,3,3,,"公交站_0,公交站_1,公交站_2"
1911,0,2,2,,"全运村西门,全运村西门"
1912,0,3,3,,"西航花园,西航花园,西航花园"
1913,0,0,0,,
1914,0,0,0,,
1915,0,0,0,,
1916,0,0,0,,
1917,0,0,0,,
1918,0,0,0,,
1919,0,0,0,,
1920,0,0,0,,
1921,0,0,0,,
1922,0,0,0,,
1923,0,0,0,,
1924,0,0,0,,
1925,0,0,0,,
1926,0,0,0,,
1927,0,0,0,,
1928,0,0,0,,
1929,0,0,0,,
1930,1,0,1,月登阁,
1931,0,0,0,,
1932,0,0,0,,
1933,0,0,0,,
1934,0,0,0,,
1935,0,0,0,,
1936,0,2,2,,"咸宁路田马路口,咸宁路田马路口"
1937,0,3,3,,"咸宁路田马路口,咸宁路田马路口,咸宁路田马路口"
1938,0,2,2,,"韩森东路沁水路口,韩森东路沁水路口"
1939,0,0,0,,
1940,0,0,0,,
1941,1,4,5,长乐坡,"长乐坡,长乐坡,空军工程大学,长乐坡"
1942,0,0,0,,
1943,0,0,0,,
1944,0,0,0,,
1945,0,0,0,,
1946,0,2,2,,"十里铺公交调度站,十里铺公交调度站"
1947,0,2,2,,"米秦南路东口,米秦南路东口"
1948,0,0,0,,
1949,0,0,0,,
1950,1,0,1,桃花潭,
1951,0,0,0,,
1952,0,0,0,,
1953,0,0,0,,
1954,0,0,0,,
1955,0,0,0,,
1956,0,0,0,,
1957,0,2,2,,"欧亚大道会展一路口,欧亚大道会展一路口"
1958,0,0,0,,
1959,0,0,0,,
1960,0,0,0,,
1961,0,1,1,,公交站_0
1962,0,1,1,,奥体大道港兴一路口
1963,0,1,1,,公交站_0
1964,0,2,2,,"奥体中心南门,奥体中心南门"
1965,0,3,3,,"奥体中心北门,奥体中心北门,奥体中心北门"
1966,0,1,1,,全运路港兴四路口
1967,0,4,4,,"全运路港兴四路口,公交站_1,公交站_2,公交站_3"
1968,0,2,2,,"公交站_0,公交站_1"
1969,0,0,0,,
1970,0,0,0,,
1971,0,0,0,,
1972,1,0,1,西堡,
1973,0,0,0,,
1974,0,0,0,,
1975,0,0,0,,
1976,0,0,0,,
1977,0,0,0,,
1978,0,0,0,,
1979,0,0,0,,
1980,0,0,0,,
1981,0,0,0,,
1982,0,0,0,,
1983,0,0,0,,
1984,0,0,0,,
1985,0,0,0,,
1986,0,0,0,,
1987,0,0,0,,
1988,0,0,0,,
1989,0,0,0,,
1990,0,0,0,,
1991,0,0,0,,
1992,0,0,0,,
1993,1,2,3,田家湾,"田家湾,田家湾"
1994,0,2,2,,"韩森东路浐河西路口,韩森东路浐河西路口"
1995,0,0,0,,
1996,0,0,0,,
1997,0,0,0,,
1998,0,1,1,,空军工程大学
1999,0,0,0,,
2000,0,0,0,,
2001,0,0,0,,
2002,0,0,0,,
2003,0,2,2,,"浐河东路通塬路口,浐河东路通塬路口"
2004,0,2,2,,"桃花坞,桃花坞"
2005,0,0,0,,
2006,0,0,0,,
2007,0,0,0,,
2008,0,0,0,,
2009,0,0,0,,
2010,0,0,0,,
2011,0,1,1,,西安国际会展中心展览馆
2012,0,2,2,,"西安国际会展中心展览馆,西安国际会展中心展览馆"
2013,0,4,4,,"欧亚大道世博大道口,公交站_1,公交站_2,公交站_3"
2014,0,0,0,,
2015,0,0,0,,
2016,0,0,0,,
2017,0,0,0,,
2018,0,4,4,,"奥体大道港丰路口,杏渭路公交调度站,奥体大道港兴一路口,奥体大道港兴一路口"
2019,0,3,3,,"奥体大道港兴二路口,公交站_1,奥体大道港丰路口"
2020,0,4,4,,"公交站_0,奥体大道港兴二路口,公交站_2,奥体大道港兴二路口"
2021,0,4,4,,"公交站_0,公交站_1,奥体中心游泳馆,奥体中心游泳馆"
2022,0,2,2,,"公交站_0,奥体大道港兴四路口"
2023,0,3,3,,"公交站_0,公交站_1,公交站_2"
2024,0,0,0,,
2025,0,1,1,,三合村
2026,0,0,0,,
2027,0,0,0,,
2028,0,0,0,,
2029,0,0,0,,
2030,0,0,0,,
2031,0,0,0,,
2032,0,0,0,,
2033,0,0,0,,
2034,0,0,0,,
2035,0,0,0,,
2036,0,0,0,,
2037,0,0,0,,
2038,0,0,0,,
2039,0,0,0,,
2040,0,0,0,,
2041,0,0,0,,
2042,0,0,0,,
2043,0,0,0,,
2044,0,0,0,,
2045,0,0,0,,
2046,0,0,0,,
2047,0,2,2,,"浐河西路咸宁路口,浐河西路咸宁路口"
2048,0,2,2,,"咸宁路咸史路口,咸宁路咸史路口"
2049,0,1,1,,韩森东路浐河桥西
2050,0,2,2,,"韩森东路浐河桥东,韩森东路浐河桥东"
2051,0,0,0,,
2052,0,3,3,,"浐河,水岸东方,水岸东方一期"
2053,1,5,6,浐河,"浐河,浐河,浐河,浐河,浐河"
2054,0,0,0,,
2055,0,0,0,,
2056,0,0,0,,
2057,0,0,0,,
2058,0,0,0,,
2059,0,0,0,,
2060,0,0,0,,
2061,0,0,0,,
2062,0,0,0,,
2063,0,0,0,,
2064,0,0,0,,
2065,0,0,0,,
2066,0,1,1,,西安国际会展中心会议馆
2067,0,1,1,,西会展路会展二路口
2068,0,9,9,,"世博大道锦堤三路口,世博大道锦堤三路口,西会展路会展三路口,西会展路会展三路口,公交站_4,公交站_5,公交站_6,公交站_7,公交站_8"
2069,0,7,7,,"公交站_0,公交站_1,公交站_2,浐灞自贸中心,欧亚大道世博大道口,欧亚大道世博大道口,欧亚大道锦槐三路口"
2070,0,0,0,,
2071,0,3,3,,"港兴路西段,港兴路西段,公交站_2"
2072,1,4,5,国际港务区,"国际港务区,国际港务区,国际港务区,国际港务区"
2073,0,3,3,,"国际港务区,公交站_1,公交站_2"
2074,1,3,4,双寨,"欧亚大道港丰路口,双寨,双寨"
2075,0,2,2,,"双寨,公交站_1"
2076,0,2,2,,"公交站_0,兰家村"
2077,0,1,1,,奥体大道港兴四路口
2078,0,0,0,,
2079,0,3,3,,"公交站_0,公交站_1,三合村"
2080,0,0,0,,
2081,0,0,0,,
2082,0,0,0,,
2083,0,0,0,,
2084,0,0,0,,
2085,0,0,0,,
2086,0,0,0,,
2087,0,0,0,,
2088,0,0,0,,
2089,0,0,0,,
2090,0,0,0,,
2091,0,0,0,,
2092,0,0,0,,
2093,0,0,0,,
2094,0,0,0,,
2095,0,0,0,,
2096,1,0,1,雁鸣湖,
2097,0,0,0,,
2098,0,0,0,,
2099,0,0,0,,
2100,0,0,0,,
2101,0,0,0,,
2102,0,0,0,,
2103,0,4,4,,"穆将王立交西,穆将王立交西,穆将王立交西,穆将王立交西"
2104,0,0,0,,
2105,0,3,3,,"东三环韩森东路口,东三环韩森东路口,韩森东路半坡路口"
2106,0,0,0,,
2107,0,2,2,,"半坡博物馆,半坡博物馆"
2108,0,6,6,,"半坡公交调度站,半坡公交调度站,半坡公交调度站,半坡公交调度站,半坡公交调度站,半坡公交调度站"
2109,0,2,2,,"御锦一路东口,御锦一路东口"
2110,0,0,0,,
2111,0,2,2,,"东三环电厂西路口,东三环电厂西路口"
2112,0,0,0,,
2113,0,3,3,,"浐灞汽车主题公园,浐灞汽车主题公园,公交站_2"
2114,0,0,0,,
2115,0,2,2,,"东三环金桥三路口,东三环金桥三路口"
2116,0,2,2,,"安邸立交公交调度站,安邸立交公交调度站"
2117,1,2,3,浐灞中心,"浐灞商务中心,浐灞商务中心"
2118,0,0,0,,
2119,0,0,0,,
2120,0,3,3,,"公交站_0,公交站_1,西安国际会展中心会议馆"
2121,0,3,3,,"西安国际会展中心会议馆,东会展路会展二路口,公交站_2"
2122,0,3,3,,"东会展路世博大道口,公交站_1,公交站_2"
2123,1,5,6,务庄,"砂之船奥特莱斯,世博大道锦堤三路口,公交站_2,世博大道锦堤二路口,公交站_4"
2124,0,1,1,,世博东路奥莱西路口
2125,0,0,0,,
2126,0,1,1,,港兴路中段
2127,0,0,0,,
2128,0,4,4,,"公交站_0,和顺路港丰路口,和顺路港丰路口,欧亚大道港丰路口"
2129,0,0,0,,
2130,0,1,1,,双寨
2131,0,2,2,,"兰家村,兰家村"
2132,1,4,5,新筑,"新筑,新筑,公交站_2,新筑"
2133,0,1,1,,公交站_0
2134,0,2,2,,"保税区公交调度站,公交站_1"
2135,1,1,2,保税区,保税区公交调度站
2136,0,0,0,,
2137,0,0,0,,
2138,0,0,0,,
2139,0,0,0,,
2140,0,0,0,,
2141,0,0,0,,
2142,1,0,1,水流,
2143,0,0,0,,
2144,0,0,0,,
2145,0,0,0,,
2146,0,0,0,,
2147,0,0,0,,
2148,0,0,0,,
2149,0,0,0,,
2150,0,0,0,,
2151,0,0,0,,
2152,0,0,0,,
2153,0,0,0,,
2154,0,0,0,,
2155,0,0,0,,
2156,0,0,0,,
2157,0,2,2,,"半引路北口,半引路北口"
2158,1,3,4,穆将王,"半引路北口,半引路北口,半引路北口"
2159,0,0,0,,
2160,0,1,1,,韩森东路半坡路口
2161,0,0,0,,
2162,0,0,0,,
2163,1,5,6,半坡,"堡子村,堡子村,堡子村,堡子村,堡子村"
2164,0,0,0,,
2165,0,0,0,,
2166,0,0,0,,
2167,0,0,0,,
2168,0,0,0,,
2169,0,0,0,,
2170,0,0,0,,
2171,0,0,0,,
2172,0,0,0,,
2173,0,0,0,,
2174,0,2,2,,"广运潭,广运潭"
2175,1,3,4,香湖湾,"公交站_0,地铁香湖湾站,地铁香湖湾站"
2176,0,4,4,,"黄邓村（世博大道）,黄邓村（世博大道）,东三环世博大道口,世博大道锦堤一路口"
2177,0,5,5,,"公交站_0,世博大道锦堤一路口,世博大道锦堤一路口,世博中路锦堤一路口,世博中路锦堤一路口"
2178,0,6,6,,"世博东路锦堤一路口,公交站_1,世博东路锦堤一路口,公交站_3,世博东路锦堤二路口,世博东路锦堤二路口"
2179,0,0,0,,
2180,0,0,0,,
2181,0,1,1,,港兴路中段
2182,0,0,0,,
2183,0,4,4,,"和祥路港丰路口,公交站_1,公交站_2,公交站_3"
2184,0,0,0,,
2185,0,0,0,,
2186,0,0,0,,
2187,0,0,0,,
2188,0,0,0,,
2189,0,0,0,,
2190,0,0,0,,
2191,0,0,0,,
2192,0,0,0,,
2193,0,0,0,,
2194,0,0,0,,
2195,0,0,0,,
2196,0,0,0,,
2197,0,0,0,,
2198,0,0,0,,
2199,0,0,0,,
2200,0,0,0,,
2201,0,0,0,,
2202,0,0,0,,
2203,0,0,0,,
2204,0,0,0,,
2205,0,0,0,,
2206,2,0,2,"西安东站,西安东",
2207,0,0,0,,
2208,0,0,0,,
2209,0,0,0,,
2210,0,0,0,,
2211,0,0,0,,
2212,0,0,0,,
2213,0,3,3,,"公交八公司,公交八公司,公交八公司"
2214,0,2,2,,"纺西街南口,纺西街南口"
2215,0,4,4,,"纺西街南口,纺西街南口,纺西街南口,纺西街南口"
2216,0,3,3,,"纺正街纺七路口,纺西街纺七路口,纺西街纺七路口"
2217,0,4,4,,"纺西街纺四路口,纺西街纺四路口,纺西街纺四路口,纺西街纺四路口"
2218,0,3,3,,"纺西街纺三路口,纺西街纺三路口,纺正街纺三路口"
2219,1,6,7,纺二路,"半坡国际艺术区,半坡国际艺术区,纺正街纺二路口,纺正街纺二路口,纺正街纺一路口,纺正街纺一路口"
2220,0,1,1,,长乐路新医路口
2221,0,1,1,,唐都医院
2222,0,0,0,,
2223,0,1,1,,柳虹路柳新路口
2224,0,0,0,,
2225,0,0,0,,
2226,0,0,0,,
2227,0,0,0,,
2228,0,0,0,,
2229,0,0,0,,
2230,0,0,0,,
2231,0,0,0,,
2232,0,0,0,,
2233,0,3,3,,"东三环世博大道口,东三环世博大道口,世博园锦绣门"
2234,0,1,1,,香湖湾
2235,0,3,3,,"公交站_0,公交站_1,雾庄"
2236,0,1,1,,雾庄
2237,0,0,0,,
2238,0,2,2,,"公交站_0,公交站_1"
2239,0,0,0,,
2240,0,3,3,,"和祥路港丰路口,公交站_1,公交站_2"
2241,1,0,1,新寺,
2242,0,0,0,,
2243,0,0,0,,
2244,0,0,0,,
2245,0,0,0,,
2246,0,0,0,,
2247,0,0,0,,
2248,0,0,0,,
2249,0,0,0,,
2250,0,0,0,,
2251,0,0,0,,
2252,0,0,0,,
2253,0,0,0,,
2254,0,0,0,,
2255,0,0,0,,
2256,0,0,0,,
2257,0,0,0,,
2258,0,0,0,,
2259,0,0,0,,
2260,0,0,0,,
2261,0,0,0,,
2262,0,0,0,,
2263,0,0,0,,
2264,0,0,0,,
2265,0,0,0,,
2266,0,0,0,,
2267,0,0,0,,
2268,0,0,0,,
2269,0,0,0,,
2270,0,0,0,,
2271,0,2,2,,"向阳沟小区,向阳沟小区"
2272,0,0,0,,
2273,0,2,2,,"神峪寺沟,神峪寺沟"
2274,0,0,0,,
2275,0,0,0,,
2276,1,3,4,纺六路,"纺正街纺七路口,纺东街纺五路口,纺东街纺五路口"
2277,0,6,6,,"纺正街纺四路口,纺正街纺四路口,纺东街纺四路口,纺东街纺四路口,纺正街纺五路口,纺正街纺五路口"
2278,0,9,9,,"纺正街纺科路口,纺正街纺科路口,纺正街纺科路口,纺正街纺科路口,纺正街纺三路口,纺正街纺三路口,纺正街纺三路口,纺东街纺科路口,纺东街纺科路口"
2279,0,6,6,,"灞桥区政府,灞桥区政府,灞桥区政府,灞桥区政府,纺新街,纺新街"
2280,0,3,3,,"长乐路新医路口,长乐路新医路口,长乐路新医路口"
2281,0,2,2,,"纺织城枢纽站,唐都医院"
2282,0,0,0,,
2283,0,2,2,,"柳虹路柳新路口,柳虹路柳新路口"
2284,0,2,2,,"柳虹路灞瑞一路口,柳虹路灞瑞一路口"
2285,0,0,0,,
2286,0,0,0,,
2287,0,0,0,,
2288,0,0,0,,
2289,0,0,0,,
2290,0,0,0,,
2291,0,0,0,,
2292,0,1,1,,世博大道香湖湾一路口
2293,0,2,2,,"世博园锦绣门,公交站_1"
2294,0,0,0,,
2295,0,0,0,,
2296,0,0,0,,
2297,0,0,0,,
2298,0,2,2,,"港兴路东口,港兴路东口"
2299,0,0,0,,
2300,0,1,1,,公交站_0
2301,0,0,0,,
2302,0,0,0,,
2303,0,0,0,,
2304,0,0,0,,
2305,0,0,0,,
2306,0,0,0,,
2307,0,0,0,,
2308,0,0,0,,
2309,0,0,0,,
2310,0,0,0,,
2311,0,0,0,,
2312,0,0,0,,
2313,0,0,0,,
2314,0,0,0,,
2315,0,0,0,,
2316,0,0,0,,
2317,0,0,0,,
2318,0,0,0,,
2319,0,0,0,,
2320,0,0,0,,
2321,0,0,0,,
2322,0,0,0,,
2323,0,0,0,,
2324,0,0,0,,
2325,0,0,0,,
2326,0,0,0,,
2327,0,0,0,,
2328,0,0,0,,
2329,0,0,0,,
2330,0,0,0,,
2331,0,0,0,,
2332,0,0,0,,
2333,0,0,0,,
2334,0,1,1,,西铁看守所
2335,0,0,0,,
2336,0,0,0,,
2337,0,2,2,,"枣园苏村,枣园苏村"
2338,0,0,0,,
2339,0,7,7,,"林河春天公交调度站,林河春天公交调度站,枣园刘村,枣园刘村,鹿塬街纺科路口,鹿塬街纺科路口,鹿塬街纺科路口"
2340,0,6,6,,"纺新街纺三路口,纺新街纺三路口,鹿塬街纺一路口,鹿塬街纺一路口,鹿塬街纺一路口,鹿塬街纺一路口"
2341,0,5,5,,"纺织城枢纽站,灞桥园丁小区,灞桥园丁小区,纺建路东段,纺建路东段"
2342,1,7,8,纺织城,"纺织城枢纽站,纺织城枢纽站,长乐路纺渭路口,长乐路纺渭路口,纺织城枢纽站,纺织城枢纽站,纺织城枢纽站"
2343,0,2,2,,"南程村,南程村"
2344,0,3,3,,"贝斯特物流中心,柳新路纺渭路口,柳新路纺渭路口"
2345,0,3,3,,"纺渭路灞瑞一路口,柳鸣路灞瑞一路口,柳鸣路灞瑞一路口"
2346,0,0,0,,
2347,0,0,0,,
2348,0,0,0,,
2349,0,0,0,,
2350,0,0,0,,
2351,0,1,1,,世博园得宝门
2352,0,1,1,,读书村北
2353,0,3,3,,"公交站_0,公交站_1,公交站_2"
2354,0,4,4,,"公交站_0,公交站_1,公交站_2,公交站_3"
2355,0,0,0,,
2356,0,0,0,,
2357,0,0,0,,
2358,0,1,1,,郝家村
2359,0,2,2,,"郝家村,陆东村"
2360,0,2,2,,"公交站_0,陆东村"
2361,1,2,3,港务大道,"港务区管委会南门,港务区管委会南门"
2362,0,0,0,,
2363,0,0,0,,
2364,0,0,0,,
2365,0,0,0,,
2366,0,0,0,,
2367,0,0,0,,
2368,0,0,0,,
2369,0,0,0,,
2370,0,0,0,,
2371,1,0,1,西安国际港,
2372,0,0,0,,
2373,0,0,0,,
2374,0,0,0,,
2375,0,0,0,,
2376,0,0,0,,
2377,0,0,0,,
2378,0,0,0,,
2379,0,0,0,,
2380,0,0,0,,
2381,0,0,0,,
2382,0,0,0,,
2383,0,0,0,,
2384,0,0,0,,
2385,0,0,0,,
2386,0,0,0,,
2387,0,0,0,,
2388,0,0,0,,
2389,0,0,0,,
2390,0,0,0,,
2391,0,2,2,,"思源学院,思源学院"
2392,0,0,0,,
2393,0,0,0,,
2394,0,0,0,,
2395,0,0,0,,
2396,0,0,0,,
2397,0,0,0,,
2398,0,0,0,,
2399,0,0,0,,
2400,0,0,0,,
2401,0,2,2,,"水香路北口,水香路北口"
2402,0,2,2,,"西柳瑞路柳莺路口,公交站_1"
2403,0,5,5,,"公交站_0,公交站_1,公交站_2,公交站_3,公交站_4"
2404,0,4,4,,"贝斯特物流中心,柴家村,铁一中滨河校区,铁一中滨河校区"
2405,0,6,6,,"柴家村,纺渭路灞瑞一路口,西柳瑞路灞柳一路口,西柳瑞路灞柳一路口,申家村,公交站_5"
2406,0,4,4,,"柳烟路普华浅水湾,柳烟路普华浅水湾,公交站_2,申家村"
2407,0,0,0,,
2408,0,0,0,,
2409,0,0,0,,
2410,0,0,0,,
2411,0,1,1,,世博园得宝门
2412,0,0,0,,
2413,0,0,0,,
2414,0,0,0,,
2415,0,0,0,,
2416,0,0,0,,
2417,0,0,0,,
2418,0,0,0,,
2419,0,0,0,,
2420,0,0,0,,
2421,0,0,0,,
2422,0,0,0,,
2423,0,0,0,,
2424,0,0,0,,
2425,0,0,0,,
2426,0,0,0,,
2427,0,0,0,,
2428,0,0,0,,
2429,0,0,0,,
2430,0,0,0,,
2431,0,0,0,,
2432,0,0,0,,
2433,0,0,0,,
2434,0,0,0,,
2435,0,0,0,,
2436,0,0,0,,
2437,0,0,0,,
2438,0,0,0,,
2439,0,0,0,,
2440,0,0,0,,
2441,0,0,0,,
2442,0,0,0,,
2443,0,0,0,,
2444,0,0,0,,
2445,0,1,1,,张李村南
2446,0,2,2,,"张李村,张李村"
2447,0,2,2,,"海棠学院,海棠学院"
2448,0,0,0,,
2449,0,0,0,,
2450,0,0,0,,
2451,0,0,0,,
2452,0,0,0,,
2453,0,0,0,,
2454,0,0,0,,
2455,0,0,0,,
2456,0,0,0,,
2457,0,2,2,,"香王,香王"
2458,0,2,2,,"东柳瑞路柳莺路口,东柳瑞路柳莺路口"
2459,0,1,1,,公交站_0
2460,0,2,2,,"柳新路灞丰二路口,柳新路灞丰二路口"
2461,0,2,2,,"柳烟路灞柳一路口,柳烟路灞瑞一路口"
2462,0,0,0,,
2463,0,0,0,,
2464,0,3,3,,"灞桥,灞桥,灞桥"
2465,0,1,1,,灞桥
2466,0,0,0,,
2467,0,0,0,,
2468,0,0,0,,
2469,0,0,0,,
2470,0,0,0,,
2471,0,0,0,,
2472,0,0,0,,
2473,0,0,0,,
2474,0,0,0,,
2475,0,0,0,,
2476,0,0,0,,
2477,1,0,1,贺韶,
2478,0,0,0,,
2479,0,0,0,,
2480,0,0,0,,
2481,0,0,0,,
2482,0,0,0,,
2483,0,0,0,,
2484,0,0,0,,
2485,0,0,0,,
2486,0,0,0,,
2487,0,0,0,,
2488,0,0,0,,
2489,0,0,0,,
2490,0,0,0,,
2491,0,0,0,,
2492,0,0,0,,
2493,0,0,0,,
2494,0,0,0,,
2495,0,0,0,,
2496,0,0,0,,
2497,0,0,0,,
2498,0,0,0,,
2499,0,0,0,,
2500,0,0,0,,
2501,0,0,0,,
2502,0,1,1,,张李村南
2503,0,3,3,,"张李村,张李村,西财行知学院"
2504,0,0,0,,
2505,0,0,0,,
2506,0,0,0,,
2507,0,0,0,,
2508,0,0,0,,
2509,0,0,0,,
2510,0,0,0,,
2511,0,0,0,,
2512,0,0,0,,
2513,0,0,0,,
2514,0,0,0,,
2515,0,2,2,,"柳莺路东段,柳莺路东段"
2516,0,1,1,,下庄村
2517,0,3,3,,"柳烟路柳新路口,柳烟路柳新路口,下庄村"
2518,0,0,0,,
2519,0,0,0,,
2520,0,0,0,,
2521,0,0,0,,
2522,0,0,0,,
2523,0,0,0,,
2524,0,0,0,,
2525,0,0,0,,
2526,0,0,0,,
2527,0,0,0,,
2528,0,0,0,,
2529,0,0,0,,
2530,0,0,0,,
2531,0,0,0,,
2532,0,0,0,,
2533,0,0,0,,
2534,0,0,0,,
2535,0,0,0,,
2536,0,0,0,,
2537,0,0,0,,
2538,0,0,0,,
2539,0,0,0,,
2540,0,0,0,,
2541,0,0,0,,
2542,0,0,0,,
2543,0,0,0,,
2544,0,0,0,,
2545,0,0,0,,
2546,0,0,0,,
2547,0,0,0,,
2548,0,0,0,,
2549,0,0,0,,
2550,0,0,0,,
2551,0,0,0,,
2552,0,0,0,,
2553,0,0,0,,
2554,0,0,0,,
2555,0,0,0,,
2556,0,0,0,,
2557,0,0,0,,
2558,0,0,0,,
2559,0,2,2,,"灞桥区社会福利中心,灞桥区社会福利中心"
2560,0,1,1,,西财行知学院
2561,0,0,0,,
2562,0,0,0,,
2563,0,0,0,,
2564,0,0,0,,
2565,0,0,0,,
2566,0,0,0,,
2567,0,0,0,,
2568,0,0,0,,
2569,0,0,0,,
2570,0,0,0,,
2571,0,0,0,,
2572,0,0,0,,
2573,0,2,2,,"柳烟路柳莺路口,柳烟路柳莺路口"
2574,0,0,0,,
2575,0,0,0,,
2576,0,0,0,,
2577,0,0,0,,
2578,0,0,0,,
2579,0,1,1,,灞桥建材厂
2580,0,1,1,,灞桥建材厂
2581,0,0,0,,
2582,0,0,0,,
2583,0,0,0,,
2584,0,0,0,,
2585,0,0,0,,
2586,0,0,0,,
2587,0,0,0,,
2588,0,0,0,,
2589,0,0,0,,
2590,0,0,0,,
2591,0,0,0,,
2592,0,0,0,,
2593,0,0,0,,
2594,0,0,0,,
2595,0,0,0,,
2596,0,0,0,,
2597,0,0,0,,
2598,0,0,0,,
2599,0,0,0,,
2600,0,0,0,,
2601,0,0,0,,
2602,0,0,0,,
2603,0,0,0,,
2604,0,0,0,,
2605,0,0,0,,
2606,0,0,0,,
2607,0,0,0,,
2608,0,0,0,,
2609,0,0,0,,
2610,0,2,2,,"北大康村,北大康村"
2611,0,0,0,,
2612,0,2,2,,"陕西职业技术学院,陕西职业技术学院"
2613,0,0,0,,
2614,0,0,0,,
2615,0,0,0,,
2616,0,0,0,,
2617,0,0,0,,
2618,0,0,0,,
2619,0,0,0,,
2620,0,0,0,,
2621,0,0,0,,
2622,0,0,0,,
2623,0,0,0,,
2624,0,0,0,,
2625,0,0,0,,
2626,0,0,0,,
2627,0,0,0,,
2628,0,0,0,,
2629,0,0,0,,
2630,0,0,0,,
2631,0,0,0,,
2632,0,0,0,,
2633,0,0,0,,
2634,0,0,0,,
2635,0,0,0,,
2636,0,0,0,,
2637,0,0,0,,
2638,0,0,0,,
2639,0,0,0,,
2640,0,0,0,,
2641,0,0,0,,
2642,0,0,0,,
2643,0,0,0,,
2644,0,0,0,,
2645,0,0,0,,
2646,0,0,0,,
2647,0,0,0,,
2648,0,0,0,,
2649,0,0,0,,
2650,0,0,0,,
2651,0,0,0,,
2652,0,0,0,,
2653,0,0,0,,
2654,0,0,0,,
2655,0,0,0,,
2656,0,0,0,,
2657,0,0,0,,
2658,0,0,0,,
2659,0,0,0,,
2660,0,0,0,,
2661,0,0,0,,
2662,0,0,0,,
2663,0,0,0,,
2664,0,0,0,,
2665,0,0,0,,
2666,0,2,2,,"白鹿仓旅游景区,白鹿仓旅游景区"
2667,0,0,0,,
2668,0,0,0,,
2669,0,0,0,,
2670,0,0,0,,
2671,0,0,0,,
2672,0,0,0,,
2673,0,0,0,,
2674,0,0,0,,
2675,0,0,0,,
2676,0,0,0,,
2677,0,0,0,,
2678,0,0,0,,
2679,0,0,0,,
2680,0,0,0,,
2681,0,0,0,,
2682,0,0,0,,
2683,0,0,0,,
2684,0,0,0,,
2685,0,0,0,,
2686,0,0,0,,
2687,0,0,0,,
2688,0,0,0,,
2689,0,0,0,,
2690,0,0,0,,
2691,0,0,0,,
2692,0,0,0,,
2693,0,0,0,,
2694,0,0,0,,
2695,0,0,0,,
2696,0,0,0,,
2697,0,0,0,,
2698,0,0,0,,
2699,0,0,0,,
2700,0,0,0,,
2701,0,0,0,,
2702,0,0,0,,
2703,0,0,0,,
2704,0,0,0,,
2705,0,0,0,,
2706,0,0,0,,
2707,0,0,0,,
2708,0,0,0,,
2709,1,0,1,三义村,
2710,0,0,0,,
2711,0,0,0,,
2712,0,0,0,,
2713,0,0,0,,
2714,0,0,0,,
2715,0,0,0,,
2716,0,0,0,,
2717,0,0,0,,
2718,0,0,0,,
2719,0,4,4,,"小康村,小康村,狄寨南路风光路口,狄寨南路风光路口"
2720,0,0,0,,
2721,0,0,0,,
2722,0,0,0,,
2723,0,0,0,,
2724,0,0,0,,
2725,0,0,0,,
2726,0,0,0,,
2727,0,0,0,,
2728,0,0,0,,
2729,0,0,0,,
2730,0,0,0,,
2731,0,0,0,,
2732,0,0,0,,
2733,0,0,0,,
2734,0,0,0,,
2735,0,0,0,,
2736,0,0,0,,
2737,0,0,0,,
2738,0,0,0,,
2739,0,0,0,,
2740,0,0,0,,
2741,0,0,0,,
2742,0,0,0,,
2743,0,0,0,,
2744,0,0,0,,
2745,0,0,0,,
2746,0,0,0,,
2747,0,0,0,,
2748,0,0,0,,
2749,0,0,0,,
2750,0,0,0,,
2751,0,0,0,,
2752,0,0,0,,
2753,0,0,0,,
2754,0,0,0,,
2755,0,0,0,,
2756,0,0,0,,
2757,0,0,0,,
2758,0,0,0,,
2759,0,0,0,,
2760,0,0,0,,
2761,0,0,0,,
2762,0,0,0,,
2763,0,0,0,,
2764,0,0,0,,
2765,0,0,0,,
2766,0,0,0,,
2767,0,0,0,,
2768,0,0,0,,
2769,0,0,0,,
2770,0,0,0,,
2771,0,2,2,,"狄寨街村,狄寨街村"
2772,0,0,0,,
2773,0,0,0,,
2774,0,0,0,,
2775,0,0,0,,
2776,0,0,0,,
2777,0,0,0,,
2778,0,0,0,,
2779,0,0,0,,
2780,0,0,0,,
2781,0,0,0,,
2782,0,0,0,,
2783,0,0,0,,
2784,0,0,0,,
2785,0,0,0,,
2786,0,0,0,,
2787,0,0,0,,
2788,1,0,1,灞柳二路,
2789,0,0,0,,
2790,0,0,0,,
2791,0,0,0,,
2792,0,0,0,,
2793,0,0,0,,
2794,0,0,0,,
2795,0,0,0,,
2796,0,0,0,,
2797,0,0,0,,
2798,0,0,0,,
2799,0,0,0,,
2800,0,0,0,,
2801,0,0,0,,
2802,1,0,1,郭王村,
2803,0,0,0,,
2804,0,0,0,,
2805,0,0,0,,
2806,0,0,0,,
2807,0,0,0,,
2808,0,0,0,,
2809,0,0,0,,
2810,0,0,0,,
2811,0,0,0,,
2812,0,0,0,,
2813,0,0,0,,
2814,0,0,0,,
2815,0,0,0,,
2816,0,0,0,,
2817,0,2,2,,"白鹿原管委会,白鹿原管委会"
2818,0,0,0,,
2819,0,0,0,,
2820,0,0,0,,
2821,0,0,0,,
2822,0,0,0,,
2823,0,0,0,,
2824,0,0,0,,
2825,0,0,0,,
2826,0,0,0,,
2827,0,0,0,,
2828,0,0,0,,
2829,0,0,0,,
2830,0,0,0,,
2831,0,0,0,,
2832,0,0,0,,
2833,0,0,0,,
2834,0,0,0,,
2835,0,0,0,,
2836,0,0,0,,
2837,0,0,0,,
2838,1,0,1,田王,
2839,0,0,0,,
2840,0,0,0,,
2841,0,0,0,,
2842,0,0,0,,
2843,1,0,1,洪庆,
2844,0,0,0,,
2845,0,0,0,,
2846,0,0,0,,
2847,0,0,0,,
2848,0,0,0,,
2849,0,0,0,,
2850,0,0,0,,
2851,0,0,0,,
2852,0,0,0,,
2853,0,0,0,,
2854,0,0,0,,
2855,0,0,0,,
2856,0,0,0,,
2857,0,0,0,,
2858,0,0,0,,
2859,0,0,0,,
2860,0,2,2,,"白鹿原公交调度站,白鹿原公交调度站"
2861,0,0,0,,
2862,0,0,0,,
2863,0,0,0,,
2864,0,0,0,,
2865,0,0,0,,
2866,0,0,0,,
2867,0,0,0,,
2868,0,0,0,,
2869,0,0,0,,
2870,0,0,0,,
2871,0,0,0,,
2872,0,0,0,,
2873,0,0,0,,
2874,0,0,0,,
2875,0,0,0,,
2876,0,0,0,,
2877,0,0,0,,
2878,0,0,0,,
2879,0,0,0,,
2880,0,0,0,,
2881,0,0,0,,
2882,0,0,0,,
2883,0,0,0,,
2884,0,0,0,,
2885,0,0,0,,
2886,0,0,0,,
2887,0,0,0,,
2888,0,0,0,,
2889,0,0,0,,
2890,0,0,0,,
2891,0,0,0,,
2892,0,0,0,,
2893,0,0,0,,
2894,0,0,0,,
2895,0,0,0,,
2896,0,0,0,,
2897,0,0,0,,
2898,0,0,0,,
2899,0,0,0,,
2900,0,0,0,,
2901,0,0,0,,
2902,0,0,0,,
2903,0,0,0,,
2904,0,0,0,,
2905,0,0,0,,
2906,0,0,0,,
2907,0,0,0,,
2908,0,0,0,,
2909,0,0,0,,
2910,0,0,0,,
2911,0,0,0,,
2912,0,0,0,,
2913,0,0,0,,
2914,0,0,0,,
2915,0,0,0,,
2916,0,0,0,,
2917,0,0,0,,
2918,0,0,0,,
2919,0,0,0,,
2920,0,0,0,,
2921,0,0,0,,
2922,0,0,0,,
2923,0,0,0,,
2924,0,0,0,,
2925,0,0,0,,
2926,0,0,0,,
2927,0,0,0,,
2928,0,0,0,,
2929,0,0,0,,
2930,0,0,0,,
2931,0,0,0,,
2932,0,0,0,,
2933,0,0,0,,
2934,0,0,0,,
2935,0,0,0,,
2936,0,0,0,,
2937,0,0,0,,
2938,0,0,0,,
2939,0,0,0,,
2940,0,0,0,,
2941,0,0,0,,
2942,0,0,0,,
2943,0,0,0,,
2944,0,0,0,,
2945,0,0,0,,
2946,0,0,0,,
2947,0,0,0,,
2948,0,0,0,,
2949,0,0,0,,
2950,0,0,0,,
2951,0,0,0,,
2952,0,0,0,,
2953,0,0,0,,
2954,0,0,0,,
2955,0,0,0,,
2956,0,0,0,,
2957,0,0,0,,
2958,0,0,0,,
2959,0,0,0,,
2960,0,0,0,,
2961,0,0,0,,
2962,0,0,0,,
2963,0,0,0,,
2964,0,0,0,,
2965,0,0,0,,
2966,0,0,0,,
2967,0,0,0,,
2968,0,0,0,,
2969,0,0,0,,
2970,0,0,0,,
2971,1,0,1,紫霞三路,
2972,0,0,0,,
2973,0,0,0,,
2974,0,0,0,,
2975,0,0,0,,
2976,0,0,0,,
2977,0,0,0,,
2978,0,0,0,,
2979,0,0,0,,
2980,0,0,0,,
2981,0,0,0,,
2982,0,0,0,,
2983,0,0,0,,
2984,0,0,0,,
2985,0,0,0,,
2986,0,0,0,,
2987,0,0,0,,
2988,0,0,0,,
2989,0,0,0,,
2990,0,0,0,,
2991,0,0,0,,
2992,0,0,0,,
2993,0,0,0,,
2994,0,0,0,,
2995,0,0,0,,
2996,0,0,0,,
2997,0,0,0,,
2998,0,0,0,,
2999,0,0,0,,
3000,0,0,0,,
3001,0,0,0,,
3002,0,0,0,,
3003,0,0,0,,
3004,0,0,0,,
3005,0,0,0,,
3006,0,0,0,,
3007,0,0,0,,
3008,0,0,0,,
3009,0,0,0,,
3010,0,0,0,,
3011,0,0,0,,
3012,0,0,0,,
3013,0,0,0,,
3014,0,0,0,,
3015,0,0,0,,
3016,0,0,0,,
3017,0,0,0,,
3018,0,0,0,,
3019,0,0,0,,
3020,0,0,0,,
3021,0,0,0,,
3022,0,0,0,,
3023,0,0,0,,
3024,0,0,0,,
3025,0,0,0,,
3026,0,0,0,,
3027,0,0,0,,
3028,0,0,0,,
3029,0,0,0,,
3030,0,0,0,,
3031,0,0,0,,
3032,0,0,0,,
3033,0,0,0,,
3034,0,0,0,,
3035,0,0,0,,
3036,0,0,0,,
3037,0,0,0,,
3038,0,0,0,,
3039,0,0,0,,
3040,0,0,0,,
3041,0,0,0,,
3042,0,0,0,,
3043,0,0,0,,
3044,0,0,0,,
3045,0,0,0,,
3046,0,0,0,,
3047,0,0,0,,
3048,0,0,0,,
3049,0,0,0,,
3050,0,0,0,,
3051,0,0,0,,
3052,0,0,0,,
3053,0,0,0,,
3054,0,0,0,,
3055,0,0,0,,
3056,0,0,0,,
3057,0,0,0,,
3058,0,0,0,,
3059,0,0,0,,
3060,0,0,0,,
3061,0,0,0,,
3062,0,0,0,,
3063,0,0,0,,
3064,0,0,0,,
3065,0,0,0,,
3066,0,0,0,,
3067,0,0,0,,
3068,0,0,0,,
3069,0,0,0,,
3070,0,0,0,,
3071,0,0,0,,
3072,0,0,0,,
3073,0,0,0,,
3074,0,0,0,,
3075,0,0,0,,
3076,0,0,0,,
3077,0,0,0,,
3078,0,0,0,,
3079,0,0,0,,
3080,0,0,0,,
3081,0,0,0,,
3082,0,0,0,,
3083,0,0,0,,
3084,0,0,0,,
3085,0,0,0,,
3086,0,0,0,,
3087,0,0,0,,
3088,0,0,0,,
3089,0,0,0,,
3090,0,0,0,,
3091,0,0,0,,
3092,0,0,0,,
3093,0,0,0,,
3094,0,0,0,,
3095,0,0,0,,
3096,0,0,0,,
3097,0,0,0,,
3098,0,0,0,,
3099,0,0,0,,
3100,0,0,0,,
3101,0,0,0,,
3102,0,0,0,,
3103,0,0,0,,
3104,0,0,0,,
3105,0,0,0,,
3106,0,0,0,,
3107,0,0,0,,
3108,0,0,0,,
3109,0,0,0,,
3110,0,0,0,,
3111,0,0,0,,
3112,0,0,0,,
3113,0,0,0,,
3114,0,0,0,,
3115,0,0,0,,
3116,0,0,0,,
3117,0,0,0,,
3118,0,0,0,,
3119,0,0,0,,
3120,0,0,0,,
3121,0,0,0,,
3122,0,0,0,,
3123,0,0,0,,
3124,0,0,0,,
3125,0,0,0,,
3126,0,0,0,,
3127,0,0,0,,
3128,0,0,0,,
3129,0,0,0,,
3130,0,0,0,,
3131,0,0,0,,
3132,0,0,0,,
3133,0,0,0,,
3134,0,0,0,,
3135,0,0,0,,
3136,0,0,0,,
3137,0,0,0,,
3138,0,0,0,,
3139,0,0,0,,
3140,0,0,0,,
3141,0,0,0,,
3142,0,0,0,,
3143,0,0,0,,
3144,0,0,0,,
3145,0,0,0,,
3146,0,0,0,,
3147,0,0,0,,
3148,0,0,0,,
3149,0,0,0,,
3150,0,0,0,,
